code,low_close_diff
603398.XSHG,0.0
600871.XSHG,0.0
600215.XSHG,0.0
000521.XSHE,0.0
600311.XSHG,0.0
002119.XSHE,0.0
600621.XSHG,0.0
000421.XSHE,0.0
601155.XSHG,0.0
601020.XSHG,0.0
300690.XSHE,0.0
002133.XSHE,0.0
300536.XSHE,0.0
002577.XSHE,0.0
000545.XSHE,0.0
600151.XSHG,0.0
600815.XSHG,0.0
603739.XSHG,0.0
000607.XSHE,0.0
002369.XSHE,0.0
300011.XSHE,0.0
600888.XSHG,0.0
002631.XSHE,0.0
002552.XSHE,0.0
000514.XSHE,0.0
601106.XSHG,0.0
600649.XSHG,0.0
600184.XSHG,0.0
600297.XSHG,0.0
002970.XSHE,0.0
600429.XSHG,0.0
600537.XSHG,0.0
300649.XSHE,0.0
688037.XSHG,-15.489999999999995
002632.XSHE,0.0
300267.XSHE,-0.5100000000000051
688058.XSHG,-4.530000000000001
688002.XSHG,0.0
002543.XSHE,0.0
603607.XSHG,0.0
600676.XSHG,0.0
002224.XSHE,0.0
002556.XSHE,0.0
002474.XSHE,0.0
688006.XSHG,0.0
002522.XSHE,0.0
000985.XSHE,0.0
002296.XSHE,0.0
000955.XSHE,-1.7000000000000028
300806.XSHE,0.0
601233.XSHG,0.0
600802.XSHG,0.0
600501.XSHG,0.0
300545.XSHE,0.0
000961.XSHE,0.0
603906.XSHG,0.0
601949.XSHG,0.0
002430.XSHE,0.0
600236.XSHG,-0.2699999999999996
600860.XSHG,0.0
601118.XSHG,0.0
002753.XSHE,0.0
600856.XSHG,0.0
601577.XSHG,-0.05000000000000071
300456.XSHE,0.0
600890.XSHG,0.0
000557.XSHE,0.0
002405.XSHE,0.0
603010.XSHG,0.0
300273.XSHE,0.0
000752.XSHE,0.0
000627.XSHE,0.0
002687.XSHE,0.0
600578.XSHG,0.0
603227.XSHG,0.0
603800.XSHG,0.0
002061.XSHE,0.0
603825.XSHG,0.0
000860.XSHE,0.0
600018.XSHG,0.0
002353.XSHE,-12.800000000000011
603366.XSHG,0.0
300444.XSHE,0.0
688089.XSHG,0.0
300500.XSHE,0.0
002588.XSHE,0.0
600378.XSHG,0.0
300502.XSHE,0.0
300055.XSHE,0.0
603037.XSHG,0.0
603666.XSHG,0.0
300122.XSHE,-12.72999999999999
600380.XSHG,0.0
002140.XSHE,0.0
300528.XSHE,0.0
603019.XSHG,0.0
603598.XSHG,0.0
000875.XSHE,0.0
300180.XSHE,-0.14000000000000057
300685.XSHE,-2.950000000000003
601108.XSHG,0.0
600573.XSHG,0.0
600266.XSHG,0.0
002749.XSHE,0.0
300103.XSHE,0.0
600331.XSHG,0.0
600867.XSHG,0.0
600180.XSHG,0.0
603055.XSHG,0.0
601888.XSHG,0.0
300435.XSHE,0.0
300796.XSHE,0.0
600425.XSHG,0.0
300145.XSHE,0.0
600456.XSHG,0.0
603577.XSHG,0.0
002677.XSHE,0.0
300268.XSHE,0.0
688036.XSHG,-1.3900000000000006
300561.XSHE,0.0
603589.XSHG,0.0
603596.XSHG,0.0
300114.XSHE,0.0
002200.XSHE,0.0
300198.XSHE,0.0
000059.XSHE,0.0
600056.XSHG,-6.02000000000001
601788.XSHG,0.0
600461.XSHG,-0.21000000000000085
002386.XSHE,0.0
300261.XSHE,0.0
000812.XSHE,0.0
002945.XSHE,0.0
000705.XSHE,-4.100000000000001
600367.XSHG,0.0
600898.XSHG,0.0
600345.XSHG,0.0
601766.XSHG,0.0
300628.XSHE,-70.62
601128.XSHG,0.0
300798.XSHE,0.0
300281.XSHE,0.0
300687.XSHE,0.0
002461.XSHE,0.0
300759.XSHE,-3.5500000000000043
002110.XSHE,0.0
002228.XSHE,0.0
002518.XSHE,0.0
600069.XSHG,0.0
600734.XSHG,0.0
300071.XSHE,0.0
300049.XSHE,0.0
300596.XSHE,0.0
300362.XSHE,0.0
603555.XSHG,0.0
300688.XSHE,0.0
002567.XSHE,0.0
600527.XSHG,0.0
002197.XSHE,0.0
300485.XSHE,-2.3900000000000006
000905.XSHE,0.0
601918.XSHG,0.0
603496.XSHG,0.0
002128.XSHE,0.0
600576.XSHG,0.0
002230.XSHE,-3.759999999999991
300718.XSHE,0.0
002275.XSHE,-0.870000000000001
300191.XSHE,0.0
603001.XSHG,0.0
002187.XSHE,-0.7900000000000027
000758.XSHE,0.0
300395.XSHE,0.0
300285.XSHE,0.0
002640.XSHE,0.0
300108.XSHE,-2.030000000000001
600250.XSHG,0.0
603060.XSHG,0.0
300571.XSHE,0.0
600353.XSHG,0.0
603995.XSHG,0.0
600157.XSHG,0.0
002599.XSHE,0.0
300236.XSHE,0.0
300708.XSHE,0.0
603726.XSHG,-4.439999999999998
002779.XSHE,0.0
603136.XSHG,0.0
002521.XSHE,0.0
002756.XSHE,0.0
300431.XSHE,0.0
600099.XSHG,0.0
600859.XSHG,0.0
603602.XSHG,0.0
300107.XSHE,0.0
300405.XSHE,0.0
600750.XSHG,-15.23999999999998
002292.XSHE,0.0
002635.XSHE,-8.86
000683.XSHE,0.0
601107.XSHG,0.0
603967.XSHG,0.0
002101.XSHE,0.0
300110.XSHE,-2.8599999999999994
600160.XSHG,0.0
603779.XSHG,0.0
603990.XSHG,0.0
600048.XSHG,-3.6899999999999977
600319.XSHG,0.0
002872.XSHE,0.0
601633.XSHG,0.0
600909.XSHG,0.0
300750.XSHE,-8.88000000000001
601058.XSHG,0.0
000637.XSHE,-0.3400000000000034
600312.XSHG,0.0
600455.XSHG,0.0
002797.XSHE,0.0
002511.XSHE,-4.180000000000007
002289.XSHE,0.0
600162.XSHG,0.0
002499.XSHE,0.0
002213.XSHE,0.0
600995.XSHG,0.0
002286.XSHE,-0.2799999999999976
002350.XSHE,0.0
600569.XSHG,0.0
600798.XSHG,0.0
000973.XSHE,0.0
002084.XSHE,0.0
002025.XSHE,0.0
603959.XSHG,0.0
000897.XSHE,0.0
000049.XSHE,0.0
300318.XSHE,-3.349999999999998
002420.XSHE,0.0
000565.XSHE,0.0
600391.XSHG,0.0
002658.XSHE,0.0
002883.XSHE,0.0
300674.XSHE,0.0
002132.XSHE,0.0
300149.XSHE,0.0
600696.XSHG,0.0
000838.XSHE,0.0
600789.XSHG,0.0
600517.XSHG,0.0
300287.XSHE,0.0
600717.XSHG,0.0
600866.XSHG,-5.400000000000006
000100.XSHE,0.0
300262.XSHE,0.0
603429.XSHG,-1.7299999999999898
600828.XSHG,0.0
002957.XSHE,0.0
002066.XSHE,0.0
603020.XSHG,0.0
688009.XSHG,-0.009999999999999787
002126.XSHE,-1.2700000000000031
002366.XSHE,0.0
002181.XSHE,0.0
000666.XSHE,0.0
002507.XSHE,-5.199999999999989
002639.XSHE,0.0
000150.XSHE,0.0
001965.XSHE,0.0
300534.XSHE,0.0
600385.XSHG,0.0
600518.XSHG,0.0
300766.XSHE,0.0
000902.XSHE,0.0
002376.XSHE,0.0
688196.XSHG,-0.28000000000000114
002222.XSHE,0.0
300390.XSHE,-5.359999999999999
688278.XSHG,-12.780000000000001
600760.XSHG,0.0
002071.XSHE,0.0
000151.XSHE,0.0
600193.XSHG,0.0
601098.XSHG,0.0
603100.XSHG,0.0
300118.XSHE,0.0
002142.XSHE,-2.5500000000000043
600865.XSHG,0.0
600976.XSHG,0.0
002842.XSHE,0.0
600356.XSHG,0.0
603042.XSHG,0.0
300430.XSHE,-2.4400000000000013
603999.XSHG,0.0
601002.XSHG,0.0
600882.XSHG,0.0
000980.XSHE,0.0
002348.XSHE,0.0
000756.XSHE,-1.1900000000000013
600021.XSHG,0.0
300529.XSHE,-2.8700000000000045
603039.XSHG,-14.75
600939.XSHG,0.0
603988.XSHG,0.0
000595.XSHE,0.0
300124.XSHE,-1.2899999999999636
600382.XSHG,0.0
603908.XSHG,0.0
600754.XSHG,-0.22000000000001307
002537.XSHE,0.0
603258.XSHG,-0.7800000000000011
603383.XSHG,0.0
300308.XSHE,0.0
603456.XSHG,-9.689999999999998
002034.XSHE,0.0
603733.XSHG,-2.17
002610.XSHE,0.0
300604.XSHE,0.0
600255.XSHG,0.0
300593.XSHE,0.0
688358.XSHG,-2.8100000000000023
600702.XSHG,0.0
002317.XSHE,-10.950000000000017
603886.XSHG,0.0
002414.XSHE,-11.11
002855.XSHE,0.0
002401.XSHE,0.0
300684.XSHE,0.0
300493.XSHE,0.0
000513.XSHE,-11.269999999999982
002152.XSHE,0.0
603661.XSHG,0.0
002129.XSHE,0.0
603559.XSHG,0.0
002535.XSHE,0.0
002821.XSHE,-12.95999999999998
300363.XSHE,-3.1699999999999946
600149.XSHG,0.0
002251.XSHE,0.0
603308.XSHG,0.0
300077.XSHE,0.0
002620.XSHE,0.0
000606.XSHE,0.0
000567.XSHE,0.0
603038.XSHG,0.0
600966.XSHG,0.0
600990.XSHG,0.0
601326.XSHG,0.0
600718.XSHG,0.0
603328.XSHG,0.0
002146.XSHE,0.0
300017.XSHE,0.0
300248.XSHE,0.0
002180.XSHE,0.0
600228.XSHG,0.0
000428.XSHE,0.0
002028.XSHE,0.0
600068.XSHG,0.0
600252.XSHG,-0.36999999999999034
300001.XSHE,0.0
600785.XSHG,0.0
002504.XSHE,0.0
601998.XSHG,-0.17999999999999972
002912.XSHE,-3.0700000000000216
600530.XSHG,0.0
002368.XSHE,0.0
688123.XSHG,0.0
002264.XSHE,0.0
600900.XSHG,-3.4100000000000037
600067.XSHG,0.0
000731.XSHE,0.0
000688.XSHE,-5.609999999999999
002064.XSHE,0.0
300629.XSHE,0.0
600694.XSHG,0.0
002969.XSHE,0.0
603128.XSHG,0.0
002396.XSHE,-3.9099999999999966
300078.XSHE,0.0
002303.XSHE,0.0
002951.XSHE,0.0
603187.XSHG,-0.13000000000000256
300117.XSHE,0.0
300398.XSHE,0.0
600522.XSHG,0.0
000753.XSHE,0.0
000060.XSHE,0.0
600600.XSHG,0.0
002809.XSHE,0.0
300143.XSHE,-1.7000000000000028
300675.XSHE,0.0
600051.XSHG,0.0
600166.XSHG,0.0
603516.XSHG,0.0
002100.XSHE,0.0
002775.XSHE,0.0
002645.XSHE,0.0
300393.XSHE,0.0
300780.XSHE,0.0
601226.XSHG,0.0
600655.XSHG,0.0
600797.XSHG,0.0
300627.XSHE,0.0
002860.XSHE,0.0
603713.XSHG,0.0
603069.XSHG,0.0
002319.XSHE,0.0
600156.XSHG,0.0
000761.XSHE,0.0
300802.XSHE,0.0
600337.XSHG,-0.5499999999999972
688001.XSHG,0.0
603819.XSHG,0.0
000928.XSHE,0.0
600358.XSHG,0.0
600298.XSHG,-0.960000000000008
000078.XSHE,0.0
002285.XSHE,0.0
300129.XSHE,0.0
002418.XSHE,0.0
603260.XSHG,0.0
603533.XSHG,0.0
601198.XSHG,0.0
603380.XSHG,0.0
600125.XSHG,0.0
002643.XSHE,0.0
002758.XSHE,0.0
300404.XSHE,-0.04999999999999716
600965.XSHG,0.0
600479.XSHG,-0.22999999999998977
601689.XSHG,-1.009999999999998
600086.XSHG,0.0
000158.XSHE,0.0
000927.XSHE,0.0
603085.XSHG,0.0
000089.XSHE,0.0
000755.XSHE,0.0
002584.XSHE,0.0
603863.XSHG,0.0
002813.XSHE,0.0
002077.XSHE,0.0
002308.XSHE,0.0
002762.XSHE,0.0
000539.XSHE,0.0
000656.XSHE,0.0
002692.XSHE,0.0
002829.XSHE,0.0
600847.XSHG,0.0
002642.XSHE,0.0
300693.XSHE,0.0
300414.XSHE,0.0
300546.XSHE,0.0
600629.XSHG,0.0
000045.XSHE,0.0
300522.XSHE,0.0
002671.XSHE,0.0
601099.XSHG,0.0
603915.XSHG,0.0
300185.XSHE,0.0
000936.XSHE,0.0
688100.XSHG,-2.6400000000000006
601898.XSHG,0.0
300063.XSHE,0.0
000056.XSHE,0.0
002370.XSHE,-4.050000000000001
603013.XSHG,0.0
000027.XSHE,0.0
600150.XSHG,0.0
603681.XSHG,0.0
000025.XSHE,0.0
002259.XSHE,0.0
600704.XSHG,0.0
000498.XSHE,0.0
600726.XSHG,0.0
002618.XSHE,0.0
002514.XSHE,0.0
000680.XSHE,0.0
600769.XSHG,0.0
002051.XSHE,0.0
300346.XSHE,0.0
002721.XSHE,0.0
601088.XSHG,-0.7099999999999973
300113.XSHE,0.0
600365.XSHG,0.0
601678.XSHG,0.0
600768.XSHG,0.0
300007.XSHE,0.0
300347.XSHE,-40.41999999999996
600273.XSHG,0.0
600507.XSHG,0.0
002397.XSHE,0.0
300242.XSHE,0.0
002103.XSHE,0.0
600329.XSHG,-0.6499999999999986
300466.XSHE,0.0
000975.XSHE,-2.1599999999999966
300532.XSHE,0.0
600885.XSHG,-8.549999999999997
300016.XSHE,-0.8699999999999974
603626.XSHG,0.0
000505.XSHE,0.0
000679.XSHE,0.0
603738.XSHG,0.0
603877.XSHG,0.0
002075.XSHE,0.0
600757.XSHG,0.0
300719.XSHE,0.0
300201.XSHE,0.0
300349.XSHE,0.0
000795.XSHE,0.0
002682.XSHE,0.0
002294.XSHE,0.0
002091.XSHE,0.0
300490.XSHE,0.0
300530.XSHE,0.0
600682.XSHG,0.0
300461.XSHE,0.0
601015.XSHG,0.0
002723.XSHE,0.0
603662.XSHG,0.0
600968.XSHG,0.0
600115.XSHG,0.0
600016.XSHG,-3.0999999999999943
300507.XSHE,0.0
600519.XSHG,-166.53999999999996
300240.XSHE,0.0
600889.XSHG,0.0
000426.XSHE,0.0
002194.XSHE,0.0
002875.XSHE,0.0
002783.XSHE,0.0
603267.XSHG,0.0
688168.XSHG,0.0
600287.XSHG,0.0
600022.XSHG,0.0
600962.XSHG,0.0
002773.XSHE,-0.4399999999999977
002050.XSHE,-10.810000000000002
000411.XSHE,0.0
600549.XSHG,0.0
600000.XSHG,-3.180000000000007
600017.XSHG,0.0
300035.XSHE,0.0
300314.XSHE,0.0
600206.XSHG,0.0
002733.XSHE,0.0
600439.XSHG,0.0
002793.XSHE,0.0
603997.XSHG,0.0
002512.XSHE,0.0
002788.XSHE,-0.5199999999999996
600363.XSHG,0.0
300588.XSHE,0.0
600958.XSHG,0.0
002487.XSHE,0.0
600661.XSHG,-11.039999999999992
600891.XSHG,0.0
002137.XSHE,0.0
300452.XSHE,0.0
002046.XSHE,0.0
600072.XSHG,0.0
002069.XSHE,0.0
002478.XSHE,0.0
603567.XSHG,-1.9299999999999997
002246.XSHE,-1.9900000000000002
000669.XSHE,0.0
600132.XSHG,-0.4300000000000068
000789.XSHE,0.0
300342.XSHE,0.0
002757.XSHE,0.0
300416.XSHE,0.0
000822.XSHE,0.0
600848.XSHG,0.0
300013.XSHE,0.0
603081.XSHG,0.0
300469.XSHE,0.0
002751.XSHE,0.0
600819.XSHG,0.0
002573.XSHE,0.0
000782.XSHE,-1.959999999999999
300227.XSHE,0.0
000825.XSHE,0.0
000531.XSHE,0.0
600590.XSHG,0.0
600338.XSHG,0.0
603700.XSHG,0.0
603989.XSHG,0.0
603226.XSHG,0.0
601231.XSHG,0.0
600247.XSHG,0.0
600143.XSHG,0.0
002039.XSHE,-0.5599999999999987
000681.XSHE,-4.1000000000000085
002740.XSHE,0.0
300072.XSHE,0.0
300316.XSHE,0.0
600127.XSHG,0.0
002022.XSHE,-19.439999999999998
688118.XSHG,0.0
601860.XSHG,0.0
300204.XSHE,-6.590000000000003
002164.XSHE,0.0
002440.XSHE,0.0
000826.XSHE,0.0
600838.XSHG,0.0
300080.XSHE,0.0
603939.XSHG,-5.310000000000002
603223.XSHG,0.0
603608.XSHG,0.0
002768.XSHE,0.0
300006.XSHE,-2.0500000000000043
600804.XSHG,0.0
603351.XSHG,-0.00999999999999801
603826.XSHG,0.0
600123.XSHG,0.0
600105.XSHG,0.0
300514.XSHE,0.0
600039.XSHG,-0.23000000000000043
603919.XSHG,0.0
000917.XSHE,0.0
002288.XSHE,0.0
601012.XSHG,-17.879999999999995
002207.XSHE,0.0
002001.XSHE,-0.5599999999999454
603180.XSHG,0.0
002750.XSHE,0.0
000667.XSHE,0.0
002930.XSHE,0.0
601599.XSHG,0.0
002830.XSHE,0.0
603737.XSHG,0.0
600301.XSHG,0.0
002365.XSHE,0.0
300223.XSHE,0.0
002136.XSHE,0.0
601216.XSHG,0.0
600767.XSHG,0.0
601137.XSHG,0.0
600119.XSHG,0.0
000972.XSHE,0.0
002726.XSHE,0.0
300306.XSHE,0.0
603809.XSHG,0.0
600690.XSHG,-11.990000000000009
688299.XSHG,-0.029999999999997584
002475.XSHE,-1.5499999999999545
603021.XSHG,0.0
000952.XSHE,-2.7699999999999996
002007.XSHE,-80.6400000000001
002935.XSHE,0.0
300489.XSHE,0.0
000963.XSHE,-5.090000000000003
600083.XSHG,-2.0
600293.XSHG,0.0
603629.XSHG,0.0
002479.XSHE,0.0
002065.XSHE,0.0
600258.XSHG,0.0
603268.XSHG,0.0
300450.XSHE,-19.72999999999996
600716.XSHG,0.0
603586.XSHG,0.0
600152.XSHG,0.0
300298.XSHE,-2.010000000000005
600929.XSHG,0.0
000540.XSHE,0.0
002906.XSHE,0.0
300620.XSHE,0.0
600478.XSHG,0.0
603220.XSHG,0.0
002186.XSHE,0.0
601811.XSHG,0.0
000090.XSHE,0.0
300073.XSHE,-4.63000000000001
600376.XSHG,0.0
603986.XSHG,0.0
688188.XSHG,0.0
300501.XSHE,0.0
000046.XSHE,0.0
600711.XSHG,0.0
603101.XSHG,0.0
603725.XSHG,0.0
300470.XSHE,0.0
300074.XSHE,-2.6899999999999977
600928.XSHG,0.0
002156.XSHE,0.0
600639.XSHG,0.0
603786.XSHG,-4.240000000000009
002473.XSHE,0.0
002527.XSHE,0.0
603610.XSHG,0.0
000036.XSHE,0.0
600807.XSHG,0.0
601600.XSHG,0.0
688101.XSHG,-0.129999999999999
000720.XSHE,0.0
000783.XSHE,0.0
002718.XSHE,0.0
300676.XSHE,-5.480000000000004
600230.XSHG,0.0
002148.XSHE,0.0
002457.XSHE,0.0
603002.XSHG,0.0
300374.XSHE,0.0
300743.XSHE,0.0
600460.XSHG,0.0
600820.XSHG,0.0
002897.XSHE,0.0
601866.XSHG,0.0
300672.XSHE,0.0
000030.XSHE,0.0
002696.XSHE,0.0
603363.XSHG,0.0
603305.XSHG,0.0
002052.XSHE,0.0
603277.XSHG,0.0
002748.XSHE,0.0
002939.XSHE,0.0
002867.XSHE,0.0
600678.XSHG,0.0
600030.XSHG,0.0
603161.XSHG,0.0
002576.XSHE,0.0
600229.XSHG,0.0
300537.XSHE,0.0
300549.XSHE,0.0
002497.XSHE,0.0
603663.XSHG,0.0
300027.XSHE,0.0
002033.XSHE,0.0
300765.XSHE,0.0
300213.XSHE,0.0
300495.XSHE,0.0
000695.XSHE,0.0
300773.XSHE,0.0
002243.XSHE,0.0
300221.XSHE,0.0
000534.XSHE,0.0
000710.XSHE,-6.789999999999992
000504.XSHE,0.0
600532.XSHG,0.0
000796.XSHE,0.0
002563.XSHE,0.0
603829.XSHG,0.0
300085.XSHE,0.0
002483.XSHE,0.0
300018.XSHE,0.0
002481.XSHE,0.0
300116.XSHE,0.0
300423.XSHE,0.0
603839.XSHG,0.0
300512.XSHE,0.0
002523.XSHE,0.0
300637.XSHE,0.0
603109.XSHG,0.0
300091.XSHE,0.0
000040.XSHE,0.0
002776.XSHE,0.0
300217.XSHE,0.0
600186.XSHG,0.0
603329.XSHG,0.0
603045.XSHG,0.0
300515.XSHE,0.0
300775.XSHE,0.0
000157.XSHE,0.0
002261.XSHE,0.0
603920.XSHG,0.0
600197.XSHG,0.0
002441.XSHE,0.0
600801.XSHG,0.0
002539.XSHE,0.0
002859.XSHE,0.0
603876.XSHG,0.0
002087.XSHE,0.0
002270.XSHE,0.0
300092.XSHE,0.0
603336.XSHG,0.0
600502.XSHG,0.0
300341.XSHE,0.0
300389.XSHE,0.0
000034.XSHE,0.0
600058.XSHG,0.0
300245.XSHE,0.0
002589.XSHE,-1.8900000000000006
002234.XSHE,0.0
601968.XSHG,0.0
600864.XSHG,0.0
002568.XSHE,0.0
603299.XSHG,0.0
600199.XSHG,0.0
002495.XSHE,0.0
000635.XSHE,0.0
300167.XSHE,0.0
300311.XSHE,0.0
000719.XSHE,-0.03999999999999915
603787.XSHG,0.0
002863.XSHE,0.0
000929.XSHE,0.0
601880.XSHG,0.0
000709.XSHE,0.0
601618.XSHG,0.0
002553.XSHE,0.0
603217.XSHG,0.0
002888.XSHE,0.0
600981.XSHG,0.0
002130.XSHE,0.0
002312.XSHE,0.0
300433.XSHE,0.0
002282.XSHE,0.0
600243.XSHG,0.0
600366.XSHG,0.0
603333.XSHG,0.0
002079.XSHE,0.0
603157.XSHG,0.0
603701.XSHG,0.0
601336.XSHG,-0.4099999999999966
600834.XSHG,0.0
600525.XSHG,0.0
300448.XSHE,0.0
600513.XSHG,0.0
603659.XSHG,-5.36999999999999
300477.XSHE,0.0
600604.XSHG,0.0
300379.XSHE,0.0
002578.XSHE,0.0
300135.XSHE,0.0
300670.XSHE,0.0
300291.XSHE,0.0
688081.XSHG,0.0
002966.XSHE,0.0
300376.XSHE,0.0
002161.XSHE,0.0
300194.XSHE,-1.6300000000000026
300771.XSHE,0.0
603386.XSHG,0.0
600008.XSHG,0.0
300682.XSHE,0.0
601698.XSHG,0.0
000778.XSHE,0.0
601021.XSHG,0.0
300523.XSHE,0.0
600589.XSHG,0.0
603929.XSHG,0.0
000723.XSHE,0.0
600138.XSHG,0.0
000510.XSHE,0.0
601518.XSHG,0.0
300034.XSHE,0.0
600714.XSHG,0.0
000156.XSHE,0.0
600117.XSHG,0.0
300324.XSHE,0.0
002215.XSHE,0.0
002245.XSHE,0.0
300413.XSHE,-0.5300000000000011
002008.XSHE,0.0
600550.XSHG,0.0
603709.XSHG,0.0
603711.XSHG,0.0
600614.XSHG,0.0
300576.XSHE,0.0
300679.XSHE,0.0
300606.XSHE,0.0
300768.XSHE,0.0
002519.XSHE,0.0
600183.XSHG,0.0
603345.XSHG,-3.3000000000000043
688181.XSHG,0.0
002218.XSHE,0.0
000096.XSHE,0.0
600259.XSHG,0.0
601068.XSHG,0.0
002932.XSHE,-3.969999999999999
300498.XSHE,0.0
600302.XSHG,0.0
603167.XSHG,0.0
300600.XSHE,0.0
002284.XSHE,0.0
300148.XSHE,0.0
000715.XSHE,0.0
600148.XSHG,0.0
600653.XSHG,0.0
300803.XSHE,0.0
601005.XSHG,0.0
002648.XSHE,0.0
002299.XSHE,0.0
002841.XSHE,-3.490000000000009
600100.XSHG,0.0
603118.XSHG,0.0
002505.XSHE,0.0
600992.XSHG,0.0
603185.XSHG,0.0
600592.XSHG,0.0
600128.XSHG,0.0
600901.XSHG,0.0
002890.XSHE,0.0
002674.XSHE,0.0
002175.XSHE,0.0
002026.XSHE,0.0
300584.XSHE,-3.230000000000004
600617.XSHG,0.0
600182.XSHG,0.0
002613.XSHE,0.0
002241.XSHE,0.0
000650.XSHE,-16.639999999999986
002898.XSHE,0.0
300086.XSHE,-3.3299999999999983
300790.XSHE,0.0
600153.XSHG,0.0
603088.XSHG,0.0
600836.XSHG,0.0
002602.XSHE,-1.8500000000000085
600066.XSHG,0.0
000417.XSHE,0.0
603000.XSHG,0.0
002088.XSHE,0.0
300421.XSHE,0.0
002501.XSHE,0.0
300554.XSHE,0.0
002549.XSHE,0.0
600207.XSHG,0.0
600520.XSHG,0.0
603083.XSHG,0.0
300209.XSHE,0.0
600733.XSHG,0.0
600776.XSHG,0.0
603639.XSHG,0.0
000422.XSHE,0.0
603776.XSHG,0.0
300650.XSHE,0.0
300785.XSHE,0.0
600770.XSHG,0.0
300753.XSHE,0.0
600406.XSHG,-2.6999999999999886
002732.XSHE,0.0
601318.XSHG,-3.1499999999999773
601558.XSHG,0.0
601975.XSHG,0.0
000806.XSHE,0.0
600050.XSHG,0.0
600271.XSHG,0.0
603358.XSHG,0.0
000507.XSHE,0.0
000836.XSHE,0.0
603367.XSHG,0.0
002262.XSHE,-0.9300000000000068
603859.XSHG,0.0
600210.XSHG,0.0
002575.XSHE,0.0
603667.XSHG,0.0
300112.XSHE,0.0
000882.XSHE,0.0
000408.XSHE,0.0
603035.XSHG,0.0
000520.XSHE,0.0
000813.XSHE,0.0
601857.XSHG,-0.0600000000000005
603917.XSHG,0.0
000671.XSHE,0.0
002703.XSHE,0.0
300636.XSHE,-1.6700000000000017
600739.XSHG,0.0
002822.XSHE,0.0
603606.XSHG,0.0
600685.XSHG,0.0
002422.XSHE,-6.8700000000000045
603399.XSHG,0.0
300199.XSHE,-4.919999999999995
002742.XSHE,0.0
601069.XSHG,-0.11000000000000121
300579.XSHE,0.0
601900.XSHG,0.0
603165.XSHG,0.0
600831.XSHG,0.0
600985.XSHG,0.0
002096.XSHE,0.0
000777.XSHE,0.0
300683.XSHE,0.0
600007.XSHG,0.0
000889.XSHE,0.0
300142.XSHE,-3.579999999999984
603730.XSHG,-0.07000000000000028
600595.XSHG,0.0
600227.XSHG,0.0
000501.XSHE,0.0
000981.XSHE,0.0
603040.XSHG,0.0
300155.XSHE,0.0
600812.XSHG,-5.989999999999995
002615.XSHE,0.0
000020.XSHE,0.0
002895.XSHE,0.0
603355.XSHG,0.0
002097.XSHE,0.0
002738.XSHE,0.0
300712.XSHE,0.0
601100.XSHG,0.0
603053.XSHG,0.0
002400.XSHE,0.0
000042.XSHE,0.0
601636.XSHG,0.0
002093.XSHE,0.0
600015.XSHG,-0.9199999999999982
002955.XSHE,0.0
603810.XSHG,0.0
300123.XSHE,0.0
000068.XSHE,0.0
300429.XSHE,0.0
600758.XSHG,0.0
600315.XSHG,0.0
603980.XSHG,0.0
300648.XSHE,0.0
002254.XSHE,-0.9100000000000037
002646.XSHE,0.0
300566.XSHE,0.0
600528.XSHG,0.0
603279.XSHG,0.0
002551.XSHE,0.0
000633.XSHE,0.0
002316.XSHE,0.0
600372.XSHG,0.0
300246.XSHE,0.0
002105.XSHE,0.0
600978.XSHG,0.0
002866.XSHE,0.0
300508.XSHE,0.0
600743.XSHG,0.0
600571.XSHG,0.0
000608.XSHE,0.0
300019.XSHE,0.0
600684.XSHG,0.0
002916.XSHE,0.0
300179.XSHE,0.0
300711.XSHE,-0.10999999999999943
600168.XSHG,0.0
600777.XSHG,0.0
600636.XSHG,-6.459999999999994
300205.XSHE,-3.270000000000003
002712.XSHE,0.0
603868.XSHG,0.0
600599.XSHG,0.0
601298.XSHG,0.0
600883.XSHG,0.0
000969.XSHE,0.0
600242.XSHG,0.0
601727.XSHG,0.0
002145.XSHE,0.0
300157.XSHE,0.0
300396.XSHE,-1.539999999999992
603991.XSHG,0.0
000538.XSHE,-17.860000000000127
600509.XSHG,0.0
600827.XSHG,0.0
300625.XSHE,0.0
601616.XSHG,0.0
603755.XSHG,0.0
002349.XSHE,0.0
300552.XSHE,0.0
300208.XSHE,0.0
002594.XSHE,0.0
300127.XSHE,0.0
300527.XSHE,0.0
601555.XSHG,0.0
002014.XSHE,0.0
300578.XSHE,-3.460000000000001
600276.XSHG,-224.44999999999982
600582.XSHG,0.0
300303.XSHE,0.0
000983.XSHE,0.0
600278.XSHG,0.0
000613.XSHE,0.0
300032.XSHE,-0.03999999999999915
002828.XSHE,0.0
002843.XSHE,0.0
002240.XSHE,0.0
002706.XSHE,0.0
002633.XSHE,0.0
002291.XSHE,-2.980000000000004
600643.XSHG,0.0
300668.XSHE,0.0
002656.XSHE,0.0
002468.XSHE,0.0
300322.XSHE,0.0
601218.XSHG,0.0
603611.XSHG,0.0
300279.XSHE,0.0
600093.XSHG,0.0
600110.XSHG,0.0
600596.XSHG,0.0
000718.XSHE,0.0
002182.XSHE,0.0
600619.XSHG,0.0
600697.XSHG,0.0
300653.XSHE,0.0
002662.XSHE,0.0
002337.XSHE,0.0
600126.XSHG,0.0
002417.XSHE,0.0
002438.XSHE,0.0
300292.XSHE,0.0
601608.XSHG,0.0
002307.XSHE,0.0
002268.XSHE,0.0
300758.XSHE,0.0
600559.XSHG,0.0
002172.XSHE,0.0
300136.XSHE,0.0
688389.XSHG,-6.279999999999998
002162.XSHE,0.0
002961.XSHE,0.0
600170.XSHG,0.0
600652.XSHG,0.0
600854.XSHG,0.0
300419.XSHE,0.0
000517.XSHE,0.0
002083.XSHE,0.0
002958.XSHE,0.0
002586.XSHE,0.0
002221.XSHE,-5.609999999999999
002548.XSHE,0.0
002915.XSHE,0.0
000420.XSHE,0.0
600395.XSHG,0.0
002409.XSHE,0.0
000004.XSHE,0.0
300046.XSHE,0.0
603556.XSHG,0.0
002080.XSHE,0.0
603337.XSHG,-1.1700000000000017
002873.XSHE,-1.3000000000000007
688008.XSHG,0.0
600399.XSHG,0.0
601515.XSHG,0.0
000153.XSHE,-1.3600000000000065
002735.XSHE,0.0
600362.XSHG,0.0
600416.XSHG,0.0
600313.XSHG,0.0
603697.XSHG,0.0
300738.XSHE,0.0
601989.XSHG,0.0
600603.XSHG,0.0
300358.XSHE,-0.060000000000002274
002917.XSHE,0.0
002150.XSHE,0.0
600491.XSHG,0.0
603063.XSHG,0.0
600060.XSHG,0.0
002104.XSHE,0.0
603322.XSHG,0.0
000629.XSHE,0.0
000503.XSHE,0.0
000780.XSHE,0.0
300720.XSHE,0.0
002879.XSHE,0.0
000581.XSHE,0.0
002853.XSHE,0.0
000623.XSHE,-0.22000000000002728
600261.XSHG,0.0
600073.XSHG,0.0
300337.XSHE,0.0
002896.XSHE,0.0
002189.XSHE,0.0
300480.XSHE,0.0
300700.XSHE,0.0
600325.XSHG,0.0
002614.XSHE,0.0
002325.XSHE,0.0
002411.XSHE,-5.8700000000000045
300059.XSHE,0.0
002684.XSHE,0.0
300381.XSHE,-0.18999999999999773
000682.XSHE,0.0
603218.XSHG,0.0
300252.XSHE,0.0
000989.XSHE,-3.280000000000001
603236.XSHG,0.0
601007.XSHG,0.0
300067.XSHE,0.0
002271.XSHE,-12.169999999999959
300783.XSHE,0.0
300130.XSHE,0.0
002452.XSHE,0.0
603319.XSHG,0.0
300181.XSHE,-0.5799999999999983
002315.XSHE,0.0
600292.XSHG,0.0
000048.XSHE,0.0
300506.XSHE,0.0
300289.XSHE,-0.15000000000000036
300651.XSHE,0.0
300377.XSHE,0.0
600560.XSHG,0.0
300760.XSHE,-8.060000000000002
300735.XSHE,0.0
002651.XSHE,0.0
002010.XSHE,0.0
002960.XSHE,0.0
603580.XSHG,0.0
600282.XSHG,0.0
000010.XSHE,0.0
300366.XSHE,0.0
002498.XSHE,0.0
600608.XSHG,0.0
603017.XSHG,0.0
600476.XSHG,0.0
002192.XSHE,0.0
603121.XSHG,0.0
603683.XSHG,0.0
300608.XSHE,0.0
300330.XSHE,0.0
002352.XSHE,-5.659999999999997
600398.XSHG,0.0
601101.XSHG,0.0
000883.XSHE,0.0
000831.XSHE,0.0
300612.XSHE,0.0
002342.XSHE,0.0
600987.XSHG,0.0
300378.XSHE,0.0
000571.XSHE,0.0
002716.XSHE,0.0
002340.XSHE,0.0
002068.XSHE,0.0
600480.XSHG,0.0
300401.XSHE,0.0
000055.XSHE,0.0
600869.XSHG,0.0
000416.XSHE,0.0
002587.XSHE,0.0
600289.XSHG,0.0
600695.XSHG,0.0
002225.XSHE,0.0
600019.XSHG,0.0
000600.XSHE,0.0
002574.XSHE,0.0
300795.XSHE,0.0
600645.XSHG,-0.20999999999997954
603601.XSHG,-11.670000000000002
603993.XSHG,0.0
000837.XSHE,0.0
300154.XSHE,0.0
000516.XSHE,0.0
600428.XSHG,0.0
601933.XSHG,-5.819999999999993
600960.XSHG,0.0
603377.XSHG,-0.7300000000000004
600523.XSHG,0.0
002322.XSHE,0.0
002850.XSHE,-3.2900000000000063
000967.XSHE,0.0
600673.XSHG,-2.740000000000009
600098.XSHG,0.0
002255.XSHE,0.0
002766.XSHE,0.0
300671.XSHE,0.0
000589.XSHE,0.0
600351.XSHG,-0.9500000000000028
002338.XSHE,0.0
600423.XSHG,0.0
002199.XSHE,0.0
600189.XSHG,0.0
300575.XSHE,0.0
000599.XSHE,0.0
600190.XSHG,0.0
600079.XSHG,-7.5
601330.XSHG,0.0
000809.XSHE,0.0
300525.XSHE,0.0
603067.XSHG,0.0
603006.XSHG,0.0
603638.XSHG,0.0
002118.XSHE,-0.6199999999999903
600202.XSHG,0.0
000066.XSHE,0.0
000529.XSHE,0.0
300254.XSHE,-1.7800000000000011
300105.XSHE,0.0
002882.XSHE,0.0
000652.XSHE,0.0
000676.XSHE,0.0
600843.XSHG,0.0
603090.XSHG,0.0
300410.XSHE,0.0
300294.XSHE,-4.47999999999999
300286.XSHE,0.0
603767.XSHG,0.0
600187.XSHG,0.0
600862.XSHG,-3.25
603898.XSHG,0.0
300270.XSHE,0.0
603848.XSHG,0.0
603327.XSHG,0.0
002206.XSHE,0.0
002747.XSHE,0.0
603106.XSHG,0.0
300538.XSHE,0.0
600594.XSHG,-11.120000000000005
600222.XSHG,0.0
002649.XSHE,0.0
300717.XSHE,0.0
600779.XSHG,0.0
300364.XSHE,0.0
002608.XSHE,0.0
002923.XSHE,0.0
000735.XSHE,0.0
600699.XSHG,0.0
603766.XSHG,0.0
688199.XSHG,-0.240000000000002
002334.XSHE,0.0
600538.XSHG,0.0
600858.XSHG,0.0
300592.XSHE,0.0
603528.XSHG,0.0
002503.XSHE,0.0
600493.XSHG,0.0
600397.XSHG,0.0
600570.XSHG,0.0
600031.XSHG,0.0
000716.XSHE,0.0
000750.XSHE,0.0
688138.XSHG,0.0
600547.XSHG,-32.26999999999998
002379.XSHE,0.0
600497.XSHG,0.0
002545.XSHE,0.0
600903.XSHG,0.0
600203.XSHG,0.0
000803.XSHE,0.0
000712.XSHE,0.0
600361.XSHG,0.0
300742.XSHE,0.0
600650.XSHG,0.0
300724.XSHE,0.0
603689.XSHG,0.0
600894.XSHG,0.0
300197.XSHE,0.0
002231.XSHE,0.0
000659.XSHE,0.0
603043.XSHG,0.0
002023.XSHE,0.0
300660.XSHE,0.0
300630.XSHE,-6.319999999999993
601718.XSHG,-0.27000000000000046
600693.XSHG,0.0
600328.XSHG,-0.5999999999999979
603179.XSHG,0.0
600218.XSHG,0.0
600076.XSHG,0.0
000957.XSHE,0.0
002581.XSHE,-2.3099999999999987
002044.XSHE,-2.9099999999999966
601019.XSHG,0.0
300070.XSHE,0.0
603885.XSHG,0.0
000725.XSHE,0.0
000918.XSHE,0.0
300486.XSHE,-0.029999999999997584
600654.XSHG,0.0
603332.XSHG,0.0
601669.XSHG,0.0
300748.XSHE,0.0
600615.XSHG,0.0
002351.XSHE,0.0
300665.XSHE,0.0
002911.XSHE,0.0
000925.XSHE,0.0
300539.XSHE,0.0
600977.XSHG,0.0
600179.XSHG,0.0
601158.XSHG,-0.16000000000000014
603288.XSHG,-20.889999999999986
002849.XSHE,0.0
603658.XSHG,-4.329999999999998
002078.XSHE,0.0
002622.XSHE,0.0
600755.XSHG,0.0
000702.XSHE,0.0
600598.XSHG,-0.04999999999999716
002922.XSHE,0.0
601700.XSHG,0.0
002159.XSHE,0.0
002343.XSHE,0.0
603115.XSHG,0.0
300689.XSHE,0.0
002486.XSHE,0.0
000301.XSHE,0.0
002472.XSHE,0.0
600633.XSHG,0.0
000788.XSHE,-3.7900000000000027
600333.XSHG,0.0
600868.XSHG,0.0
603127.XSHG,-3.519999999999996
603895.XSHG,0.0
000598.XSHE,0.0
600805.XSHG,0.0
300807.XSHE,0.0
600196.XSHG,-23.310000000000002
000760.XSHE,0.0
002799.XSHE,0.0
300777.XSHE,0.0
000631.XSHE,0.0
002193.XSHE,0.0
603186.XSHG,0.0
300488.XSHE,0.0
002390.XSHE,-1.5399999999999991
600418.XSHG,0.0
603900.XSHG,0.0
300126.XSHE,0.0
300473.XSHE,0.0
000859.XSHE,0.0
600993.XSHG,0.0
002786.XSHE,0.0
600444.XSHG,0.0
601333.XSHG,0.0
601038.XSHG,0.0
600121.XSHG,0.0
300694.XSHE,0.0
002868.XSHE,0.0
600876.XSHG,0.0
002415.XSHE,-1.4400000000000546
002884.XSHE,0.0
300459.XSHE,0.0
300707.XSHE,0.0
300556.XSHE,0.0
002099.XSHE,0.0
300296.XSHE,0.0
002500.XSHE,0.0
300721.XSHE,0.0
688258.XSHG,0.0
603018.XSHG,0.0
603797.XSHG,0.0
300632.XSHE,0.0
600136.XSHG,0.0
002433.XSHE,-0.05000000000000071
688098.XSHG,-1.450000000000001
002833.XSHE,0.0
601375.XSHG,0.0
300087.XSHE,0.0
000863.XSHE,0.0
600800.XSHG,0.0
601077.XSHG,0.0
603578.XSHG,0.0
000403.XSHE,-0.75
600577.XSHG,0.0
002013.XSHE,0.0
300293.XSHE,0.0
002178.XSHE,0.0
688268.XSHG,-0.2600000000000051
603501.XSHG,0.0
002741.XSHE,0.0
600795.XSHG,-2.589999999999918
601500.XSHG,0.0
300023.XSHE,0.0
300187.XSHE,0.0
300150.XSHE,0.0
300701.XSHE,0.0
002377.XSHE,0.0
000910.XSHE,0.0
300446.XSHE,0.0
600683.XSHG,0.0
601000.XSHG,0.0
300752.XSHE,0.0
600515.XSHG,0.0
300082.XSHE,0.0
300301.XSHE,0.0
000413.XSHE,0.0
000519.XSHE,0.0
600983.XSHG,0.0
002818.XSHE,0.0
600495.XSHG,0.0
601166.XSHG,-1.2800000000000011
000856.XSHE,0.0
688026.XSHG,-59.040000000000006
002151.XSHE,0.0
002102.XSHE,0.0
002791.XSHE,-3.3900000000000006
300613.XSHE,0.0
300695.XSHE,0.0
600485.XSHG,0.0
600809.XSHG,0.0
603969.XSHG,0.0
000672.XSHE,0.0
600139.XSHG,0.0
603378.XSHG,0.0
600452.XSHG,0.0
300193.XSHE,0.0
600657.XSHG,0.0
000971.XSHE,0.0
002451.XSHE,0.0
600623.XSHG,0.0
002436.XSHE,0.0
002327.XSHE,-1.1400000000000006
603214.XSHG,0.0
601369.XSHG,0.0
600010.XSHG,0.0
002634.XSHE,0.0
600692.XSHG,0.0
000898.XSHE,0.0
300605.XSHE,0.0
002701.XSHE,0.0
600562.XSHG,0.0
300756.XSHE,0.0
300275.XSHE,0.0
601238.XSHG,-0.21000000000000085
000032.XSHE,0.0
600155.XSHG,0.0
688019.XSHG,0.0
002885.XSHE,0.0
002323.XSHE,0.0
000931.XSHE,0.0
600221.XSHG,0.0
603301.XSHG,0.0
603806.XSHG,-1.8599999999999994
601001.XSHG,0.0
603269.XSHG,0.0
002628.XSHE,0.0
000996.XSHE,0.0
603686.XSHG,0.0
002112.XSHE,0.0
600917.XSHG,0.0
300310.XSHE,0.0
600563.XSHG,0.0
000541.XSHE,0.0
300319.XSHE,0.0
601818.XSHG,-0.09999999999999964
002759.XSHE,0.0
002655.XSHE,0.0
300297.XSHE,0.0
002158.XSHE,0.0
603208.XSHG,0.0
002731.XSHE,0.0
600996.XSHG,0.0
002263.XSHE,0.0
000993.XSHE,0.0
002139.XSHE,0.0
002333.XSHE,0.0
601717.XSHG,0.0
002864.XSHE,-0.030000000000001137
000663.XSHE,0.0
600235.XSHG,0.0
300022.XSHE,0.0
603278.XSHG,0.0
300737.XSHE,0.0
600588.XSHG,0.0
601566.XSHG,0.0
300232.XSHE,0.0
300479.XSHE,0.0
002665.XSHE,0.0
000532.XSHE,0.0
601628.XSHG,-0.20000000000000284
603630.XSHG,0.0
000603.XSHE,0.0
000790.XSHE,-12.830000000000005
300709.XSHE,0.0
002135.XSHE,0.0
300811.XSHE,0.0
002208.XSHE,0.0
600075.XSHG,0.0
601139.XSHG,0.0
603416.XSHG,0.0
600239.XSHG,0.0
300214.XSHE,0.0
002295.XSHE,0.0
600249.XSHG,0.0
600605.XSHG,0.0
300069.XSHE,0.0
002220.XSHE,0.0
002815.XSHE,0.0
600724.XSHG,0.0
603983.XSHG,0.0
300732.XSHE,0.0
603757.XSHG,0.0
000563.XSHE,0.0
000835.XSHE,0.0
600664.XSHG,0.0
600131.XSHG,0.0
300039.XSHE,-6.680000000000007
600552.XSHG,0.0
300274.XSHE,0.0
002448.XSHE,0.0
002700.XSHE,0.0
600408.XSHG,0.0
002606.XSHE,0.0
601368.XSHG,0.0
002907.XSHE,-2.960000000000001
002491.XSHE,0.0
300618.XSHE,0.0
002572.XSHE,0.0
000965.XSHE,0.0
000651.XSHE,-207.03999999999905
600973.XSHG,0.0
600846.XSHG,0.0
603696.XSHG,0.0
603855.XSHG,0.0
300336.XSHE,0.0
603833.XSHG,-1.7199999999999989
002329.XSHE,0.0
601615.XSHG,0.0
600719.XSHG,0.0
603926.XSHG,0.0
600611.XSHG,0.0
600731.XSHG,0.0
603079.XSHG,0.0
600725.XSHG,0.0
002670.XSHE,0.0
300355.XSHE,0.0
600101.XSHG,0.0
600466.XSHG,0.0
600488.XSHG,-5.079999999999998
600468.XSHG,0.0
603977.XSHG,0.0
002708.XSHE,0.0
300375.XSHE,0.0
603933.XSHG,0.0
300066.XSHE,0.0
600893.XSHG,0.0
603866.XSHG,-3.1299999999999955
002012.XSHE,0.0
002253.XSHE,0.0
000543.XSHE,0.0
688333.XSHG,0.0
300195.XSHE,0.0
300313.XSHE,0.0
300320.XSHE,0.0
002217.XSHE,0.0
603041.XSHG,0.0
603693.XSHG,0.0
002385.XSHE,0.0
603860.XSHG,0.0
600839.XSHG,0.0
600609.XSHG,0.0
300482.XSHE,-9.680000000000007
000026.XSHE,0.0
300654.XSHE,0.0
600163.XSHG,0.0
603587.XSHG,0.0
603025.XSHG,0.0
601877.XSHG,-0.7999999999999972
002652.XSHE,0.0
300589.XSHE,0.0
603716.XSHG,-7.500000000000007
688015.XSHG,0.0
002931.XSHE,0.0
300065.XSHE,0.0
600369.XSHG,0.0
002367.XSHE,0.0
603813.XSHG,0.0
002672.XSHE,0.0
300746.XSHE,0.0
300669.XSHE,0.0
000546.XSHE,0.0
000732.XSHE,0.0
002948.XSHE,0.0
600112.XSHG,0.0
601988.XSHG,-0.1200000000000001
603657.XSHG,0.0
000687.XSHE,0.0
688021.XSHG,-0.8900000000000006
002328.XSHE,0.0
002419.XSHE,0.0
300440.XSHE,0.0
600340.XSHG,0.0
000548.XSHE,0.0
600248.XSHG,0.0
002774.XSHE,0.0
600886.XSHG,-14.53000000000003
300315.XSHE,-2.0799999999999983
002326.XSHE,-13.280000000000008
300441.XSHE,0.0
002131.XSHE,0.0
603729.XSHG,0.0
002772.XSHE,0.0
002736.XSHE,0.0
002174.XSHE,-1.9200000000000017
002302.XSHE,0.0
300583.XSHE,0.0
000615.XSHE,0.0
002384.XSHE,0.0
002745.XSHE,0.0
002816.XSHE,0.0
601928.XSHG,0.0
002942.XSHE,0.0
603903.XSHG,0.0
300241.XSHE,0.0
300727.XSHE,0.0
603828.XSHG,0.0
002029.XSHE,0.0
000821.XSHE,0.0
002789.XSHE,0.0
603867.XSHG,0.0
600326.XSHG,0.0
603665.XSHG,-0.030000000000001137
000962.XSHE,0.0
300624.XSHE,0.0
300598.XSHE,0.0
300772.XSHE,0.0
600300.XSHG,0.0
300696.XSHE,0.0
603169.XSHG,0.0
000159.XSHE,0.0
601512.XSHG,0.0
002664.XSHE,0.0
002236.XSHE,0.0
300520.XSHE,0.0
300328.XSHE,0.0
600583.XSHG,0.0
688007.XSHG,0.0
002305.XSHE,0.0
002675.XSHE,0.0
600114.XSHG,0.0
002808.XSHE,0.0
002398.XSHE,0.0
002248.XSHE,0.0
600320.XSHG,0.0
300580.XSHE,0.0
600469.XSHG,0.0
603032.XSHG,0.0
300424.XSHE,0.0
002374.XSHE,0.0
300799.XSHE,0.0
600409.XSHG,0.0
300257.XSHE,0.0
603306.XSHG,0.0
600023.XSHG,0.0
603507.XSHG,0.0
002925.XSHE,-0.6700000000000017
300282.XSHE,-0.6799999999999997
600106.XSHG,0.0
001696.XSHE,0.0
600565.XSHG,0.0
603721.XSHG,-0.990000000000002
002191.XSHE,0.0
002607.XSHE,0.0
002155.XSHE,-0.2900000000000027
002278.XSHE,0.0
300096.XSHE,0.0
603517.XSHG,-0.9299999999999997
300295.XSHE,0.0
000768.XSHE,0.0
300228.XSHE,0.0
600176.XSHG,-3.0800000000000125
603111.XSHG,0.0
002824.XSHE,0.0
002893.XSHE,0.0
300769.XSHE,0.0
601328.XSHG,-0.11000000000000121
000738.XSHE,0.0
300182.XSHE,-4.310000000000002
002502.XSHE,0.0
600597.XSHG,-0.019999999999999574
603801.XSHG,0.0
300454.XSHE,-5.259999999999991
002062.XSHE,-0.18999999999999773
600281.XSHG,0.0
600419.XSHG,0.0
603166.XSHG,0.0
600740.XSHG,0.0
000611.XSHE,0.0
002533.XSHE,0.0
603089.XSHG,0.0
002256.XSHE,0.0
300168.XSHE,0.0
601199.XSHG,0.0
603505.XSHG,0.0
300402.XSHE,0.0
300354.XSHE,0.0
300540.XSHE,0.0
601588.XSHG,0.0
002006.XSHE,0.0
600543.XSHG,0.0
300367.XSHE,0.0
300805.XSHE,0.0
600172.XSHG,0.0
002728.XSHE,-0.07000000000000028
002484.XSHE,0.0
600872.XSHG,-33.599999999999966
603303.XSHG,0.0
603633.XSHG,0.0
603758.XSHG,0.0
002378.XSHE,0.0
300134.XSHE,0.0
601200.XSHG,0.0
600775.XSHG,0.0
000906.XSHE,0.0
002389.XSHE,0.0
600303.XSHG,0.0
000638.XSHE,0.0
002043.XSHE,0.0
600188.XSHG,0.0
000533.XSHE,0.0
603229.XSHG,0.0
603256.XSHG,0.0
002410.XSHE,-28.0
002826.XSHE,-0.3100000000000005
300064.XSHE,0.0
601016.XSHG,0.0
300509.XSHE,0.0
002363.XSHE,0.0
300681.XSHE,0.0
300255.XSHE,0.0
002967.XSHE,0.0
300277.XSHE,0.0
300731.XSHE,0.0
300815.XSHE,0.0
600133.XSHG,0.0
600505.XSHG,0.0
002654.XSHE,0.0
600336.XSHG,0.0
002298.XSHE,0.0
002962.XSHE,0.0
002335.XSHE,0.0
600421.XSHG,0.0
600327.XSHG,0.0
600390.XSHG,0.0
002202.XSHE,0.0
300329.XSHE,0.0
300132.XSHE,-1.6899999999999977
002812.XSHE,-3.839999999999975
603158.XSHG,0.0
300090.XSHE,0.0
002210.XSHE,0.0
002442.XSHE,0.0
002765.XSHE,0.0
600212.XSHG,0.0
300203.XSHE,0.0
600449.XSHG,0.0
688202.XSHG,-10.36
300326.XSHE,-0.11000000000001364
600120.XSHG,0.0
002603.XSHE,-2.700000000000003
603527.XSHG,0.0
002676.XSHE,0.0
300810.XSHE,0.0
603477.XSHG,0.0
000800.XSHE,0.0
300305.XSHE,0.0
300331.XSHE,0.0
300283.XSHE,0.0
300786.XSHE,0.0
603016.XSHG,0.0
300427.XSHE,0.0
000737.XSHE,0.0
000625.XSHE,0.0
000816.XSHE,0.0
300692.XSHE,0.0
600477.XSHG,0.0
300572.XSHE,0.0
600089.XSHG,0.0
300188.XSHE,-9.069999999999993
600223.XSHG,0.0
600667.XSHG,0.0
603105.XSHG,0.0
300673.XSHE,0.0
002466.XSHE,0.0
300749.XSHE,0.0
000692.XSHE,0.0
603808.XSHG,0.0
300569.XSHE,0.0
300573.XSHE,0.0
603138.XSHG,0.0
600961.XSHG,0.0
600557.XSHG,-0.09000000000000341
002927.XSHE,0.0
688111.XSHG,-8.900000000000006
600536.XSHG,0.0
000038.XSHE,0.0
002115.XSHE,0.0
600335.XSHG,0.0
601882.XSHG,0.0
300474.XSHE,0.0
002086.XSHE,0.0
600231.XSHG,0.0
600728.XSHG,0.0
600585.XSHG,-7.439999999999998
002482.XSHE,0.0
603530.XSHG,0.0
603096.XSHG,-2.210000000000001
000757.XSHE,0.0
002638.XSHE,0.0
600055.XSHG,-21.390000000000015
600359.XSHG,0.0
603558.XSHG,0.0
300782.XSHE,0.0
603605.XSHG,0.0
600257.XSHG,0.0
601162.XSHG,0.0
603189.XSHG,0.0
002836.XSHE,0.0
600033.XSHG,0.0
600635.XSHG,0.0
300585.XSHE,0.0
601339.XSHG,0.0
000685.XSHE,0.0
600640.XSHG,0.0
002362.XSHE,0.0
002698.XSHE,0.0
603615.XSHG,0.0
000636.XSHE,0.0
600742.XSHG,0.0
600787.XSHG,0.0
600096.XSHG,0.0
000555.XSHE,0.0
600400.XSHG,-5.210000000000001
002265.XSHE,0.0
600113.XSHG,0.0
002946.XSHE,0.0
000976.XSHE,0.0
002425.XSHE,-0.08999999999999986
300638.XSHE,0.0
603677.XSHG,0.0
600208.XSHG,0.0
002274.XSHE,-0.7300000000000004
000966.XSHE,0.0
000573.XSHE,0.0
000721.XSHE,0.0
000878.XSHE,0.0
300302.XSHE,0.0
002219.XSHE,-6.170000000000002
002547.XSHE,0.0
002169.XSHE,0.0
000911.XSHE,0.0
300177.XSHE,0.0
600887.XSHG,-56.179999999999836
002810.XSHE,0.0
002694.XSHE,0.0
600355.XSHG,0.0
600556.XSHG,0.0
002827.XSHE,0.0
600078.XSHG,0.0
000998.XSHE,0.0
601010.XSHG,0.0
600572.XSHG,-3.6400000000000006
000069.XSHE,0.0
300164.XSHE,0.0
300171.XSHE,-10.75
603728.XSHG,0.0
603393.XSHG,0.0
300659.XSHE,0.0
300196.XSHE,0.0
000528.XSHE,0.0
600059.XSHG,0.0
002616.XSHE,0.0
603619.XSHG,0.0
000031.XSHE,0.0
002042.XSHE,0.0
600817.XSHG,-3.0799999999999983
688310.XSHG,-5.549999999999997
002515.XSHE,0.0
601163.XSHG,0.0
600732.XSHG,0.0
688078.XSHG,0.0
002149.XSHE,0.0
300642.XSHE,-6.219999999999999
603159.XSHG,0.0
688198.XSHG,-4.359999999999999
300081.XSHE,0.0
603183.XSHG,0.0
601916.XSHG,0.0
600448.XSHG,0.0
600926.XSHG,-0.4400000000000013
002117.XSHE,0.0
000070.XSHE,0.0
300138.XSHE,0.0
000537.XSHE,0.0
300189.XSHE,0.0
600584.XSHG,0.0
002591.XSHE,0.0
002805.XSHE,0.0
002005.XSHE,0.0
300029.XSHE,0.0
600529.XSHG,-19.430000000000007
002470.XSHE,0.0
600108.XSHG,0.0
300325.XSHE,0.0
000678.XSHE,0.0
600393.XSHG,0.0
603086.XSHG,0.0
603228.XSHG,0.0
600268.XSHG,0.0
300359.XSHE,-7.240000000000002
000938.XSHE,0.0
300702.XSHE,0.0
300094.XSHE,0.0
603718.XSHG,0.0
000506.XSHE,0.0
300151.XSHE,-2.8500000000000014
002724.XSHE,0.0
002171.XSHE,0.0
300307.XSHE,0.0
000622.XSHE,0.0
603029.XSHG,0.0
000937.XSHE,0.0
600784.XSHG,0.0
300715.XSHE,0.0
002513.XSHE,0.0
603978.XSHG,0.0
600959.XSHG,0.0
000851.XSHE,0.0
000558.XSHE,0.0
300639.XSHE,-10.380000000000003
000958.XSHE,0.0
002048.XSHE,0.0
002432.XSHE,-1.75
002177.XSHE,0.0
300120.XSHE,0.0
002341.XSHE,-5.32
603188.XSHG,0.0
002423.XSHE,0.0
603637.XSHG,0.0
300755.XSHE,0.0
300462.XSHE,0.0
000877.XSHE,0.0
600713.XSHG,-12.149999999999999
603816.XSHG,0.0
300436.XSHE,-2.3100000000000023
002956.XSHE,0.0
688012.XSHG,-2.530000000000001
600496.XSHG,0.0
300222.XSHE,0.0
600660.XSHG,-43.38000000000011
603300.XSHG,0.0
603956.XSHG,0.0
300334.XSHE,0.0
000014.XSHE,0.0
603901.XSHG,0.0
601965.XSHG,0.0
002570.XSHE,0.0
603129.XSHG,-0.00999999999999801
002456.XSHE,0.0
300036.XSHE,0.0
001914.XSHE,-12.259999999999991
600348.XSHG,0.0
002542.XSHE,0.0
300716.XSHE,0.0
300278.XSHE,0.0
300793.XSHE,0.0
300368.XSHE,0.0
002760.XSHE,0.0
600580.XSHG,0.0
300568.XSHE,0.0
000662.XSHE,0.0
603389.XSHG,0.0
600908.XSHG,0.0
600226.XSHG,0.0
688288.XSHG,0.0
000564.XSHE,0.0
601086.XSHG,0.0
000978.XSHE,0.0
000802.XSHE,0.0
603421.XSHG,0.0
000915.XSHE,-0.12000000000000455
300276.XSHE,0.0
600288.XSHG,0.0
002647.XSHE,0.0
601179.XSHG,0.0
600489.XSHG,-2.480000000000004
002235.XSHE,0.0
600781.XSHG,-0.28000000000000114
002600.XSHE,0.0
300380.XSHE,0.0
603076.XSHG,0.0
000661.XSHE,0.0
300409.XSHE,0.0
002244.XSHE,0.0
000948.XSHE,0.0
300611.XSHE,0.0
603123.XSHG,0.0
603669.XSHG,-1.6499999999999986
002123.XSHE,0.0
002031.XSHE,0.0
600091.XSHG,0.0
603879.XSHG,0.0
002380.XSHE,0.0
000950.XSHE,-2.0799999999999983
002565.XSHE,0.0
300044.XSHE,0.0
600575.XSHG,0.0
600510.XSHG,0.0
002229.XSHE,0.0
600020.XSHG,0.0
002941.XSHE,0.0
000017.XSHE,0.0
002017.XSHE,0.0
002085.XSHE,0.0
603882.XSHG,-4.689999999999998
603259.XSHG,-7.050000000000011
002752.XSHE,0.0
300271.XSHE,-10.289999999999992
300652.XSHE,0.0
601111.XSHG,0.0
600561.XSHG,0.0
300789.XSHE,0.0
601816.XSHG,0.0
002082.XSHE,-0.7300000000000004
300146.XSHE,-11.049999999999955
600516.XSHG,0.0
300160.XSHE,0.0
600339.XSHG,0.0
603599.XSHG,0.0
600979.XSHG,0.0
300030.XSHE,0.0
603330.XSHG,0.0
002166.XSHE,-7.269999999999996
600861.XSHG,0.0
300351.XSHE,0.0
603618.XSHG,0.0
600318.XSHG,0.0
603690.XSHG,0.0
000062.XSHE,0.0
300183.XSHE,0.0
002060.XSHE,0.0
600763.XSHG,0.0
002173.XSHE,0.0
000708.XSHE,0.0
603871.XSHG,0.0
601789.XSHG,0.0
300206.XSHE,-6.469999999999999
603356.XSHG,0.0
002702.XSHE,0.0
002876.XSHE,0.0
000990.XSHE,0.0
002313.XSHE,0.0
600764.XSHG,0.0
603979.XSHG,0.0
300505.XSHE,0.0
300516.XSHE,0.0
002659.XSHE,0.0
300231.XSHE,0.0
000953.XSHE,0.0
600403.XSHG,0.0
601890.XSHG,0.0
688022.XSHG,0.0
300622.XSHE,0.0
603003.XSHG,0.0
002373.XSHE,0.0
300024.XSHE,0.0
002453.XSHE,0.0
002057.XSHE,0.0
600512.XSHG,0.0
002467.XSHE,-8.180000000000007
600470.XSHG,0.0
600808.XSHG,-0.1899999999999995
603318.XSHG,0.0
603896.XSHG,0.0
600011.XSHG,0.0
300042.XSHE,0.0
603500.XSHG,0.0
603963.XSHG,-0.0400000000000027
002908.XSHE,0.0
002045.XSHE,0.0
603197.XSHG,0.0
603309.XSHG,-3.7699999999999996
603617.XSHG,0.0
688088.XSHG,-0.010000000000005116
000019.XSHE,0.0
000590.XSHE,0.0
000409.XSHE,0.0
002127.XSHE,0.0
300603.XSHE,0.0
600540.XSHG,0.0
300360.XSHE,0.0
601258.XSHG,0.0
600308.XSHG,0.0
601008.XSHG,0.0
002496.XSHE,0.0
002690.XSHE,0.0
600796.XSHG,0.0
000673.XSHE,0.0
002205.XSHE,0.0
300383.XSHE,0.0
600201.XSHG,-10.019999999999982
600322.XSHG,0.0
002304.XSHE,-0.25
688003.XSHG,0.0
300406.XSHE,0.0
002605.XSHE,-4.030000000000001
600332.XSHG,-3.6700000000000017
000885.XSHE,0.0
002092.XSHE,0.0
002878.XSHE,0.0
002887.XSHE,0.0
300778.XSHE,0.0
600173.XSHG,0.0
300010.XSHE,-4.100000000000001
603520.XSHG,-2.1400000000000006
002203.XSHE,0.0
603909.XSHG,0.0
002030.XSHE,0.0
603396.XSHG,0.0
300763.XSHE,0.0
603685.XSHG,0.0
002196.XSHE,0.0
300178.XSHE,0.0
600792.XSHG,0.0
300521.XSHE,0.0
600873.XSHG,-0.0799999999999983
600246.XSHG,0.0
600818.XSHG,0.0
601225.XSHG,-0.5199999999999996
002947.XSHE,0.0
002314.XSHE,-0.019999999999999574
688011.XSHG,0.0
300385.XSHE,0.0
000005.XSHE,0.0
002617.XSHE,0.0
600641.XSHG,0.0
601567.XSHG,0.0
000791.XSHE,0.0
300723.XSHE,-3.5899999999999963
300264.XSHE,0.0
300513.XSHE,0.0
300144.XSHE,-12.120000000000005
300667.XSHE,0.0
603890.XSHG,0.0
300076.XSHE,0.0
300453.XSHE,-2.3900000000000006
600146.XSHG,0.0
000862.XSHE,0.0
603648.XSHG,0.0
601801.XSHG,0.0
000722.XSHE,0.0
300661.XSHE,0.0
300415.XSHE,0.0
300800.XSHE,0.0
600109.XSHG,0.0
600373.XSHG,0.0
002434.XSHE,0.0
002627.XSHE,0.0
000524.XSHE,0.0
300478.XSHE,0.0
300445.XSHE,0.0
603789.XSHG,-0.05000000000000071
002679.XSHE,0.0
300218.XSHE,0.0
002331.XSHE,0.0
603790.XSHG,0.0
002778.XSHE,0.0
300616.XSHE,0.0
300809.XSHE,0.0
002361.XSHE,0.0
600748.XSHG,0.0
603359.XSHG,0.0
002566.XSHE,-2.4899999999999984
000899.XSHE,0.0
000909.XSHE,0.0
002081.XSHE,0.0
000560.XSHE,0.0
000823.XSHE,0.0
002493.XSHE,0.0
600077.XSHG,0.0
600175.XSHG,0.0
601966.XSHG,0.0
000799.XSHE,0.0
002582.XSHE,0.0
000700.XSHE,0.0
600035.XSHG,0.0
000155.XSHE,0.0
002763.XSHE,0.0
603196.XSHG,0.0
002332.XSHE,-0.7100000000000009
000530.XSHE,0.0
002393.XSHE,-0.05999999999999872
300109.XSHE,-1.0800000000000054
300365.XSHE,0.0
600671.XSHG,0.0
600053.XSHG,0.0
300518.XSHE,0.0
600703.XSHG,0.0
600233.XSHG,-1.2999999999999972
002541.XSHE,0.0
300299.XSHE,0.0
002024.XSHE,-17.5
002517.XSHE,0.0
600638.XSHG,0.0
603707.XSHG,-0.7000000000000028
300068.XSHE,0.0
002891.XSHE,0.0
002571.XSHE,0.0
600686.XSHG,0.0
002971.XSHE,-3.8900000000000006
600870.XSHG,0.0
600238.XSHG,0.0
000605.XSHE,0.0
002949.XSHE,0.0
002447.XSHE,0.0
300008.XSHE,0.0
300610.XSHE,0.0
600475.XSHG,0.0
002021.XSHE,0.0
600415.XSHG,0.0
002831.XSHE,0.0
002653.XSHE,0.0
603595.XSHG,0.0
002598.XSHE,0.0
603026.XSHG,0.0
002625.XSHE,0.0
688139.XSHG,-5.609999999999999
000009.XSHE,0.0
600370.XSHG,0.0
300062.XSHE,0.0
002725.XSHE,0.0
600548.XSHG,-0.7200000000000024
600028.XSHG,-0.41000000000000014
600508.XSHG,0.0
600103.XSHG,0.0
002431.XSHE,0.0
603679.XSHG,0.0
601872.XSHG,0.0
000333.XSHE,-2.719999999999999
603887.XSHG,0.0
600751.XSHG,0.0
601311.XSHG,0.0
000586.XSHE,0.0
002439.XSHE,-1.3999999999999773
300251.XSHE,0.0
300657.XSHE,0.0
000425.XSHE,0.0
300745.XSHE,0.0
601011.XSHG,0.0
300497.XSHE,0.0
603388.XSHG,-0.0799999999999983
601619.XSHG,0.0
000762.XSHE,0.0
300128.XSHE,0.0
300757.XSHE,0.0
002811.XSHE,0.0
688159.XSHG,-4.310000000000002
002959.XSHE,0.0
000554.XSHE,0.0
688366.XSHG,-6.069999999999993
000011.XSHE,0.0
300083.XSHE,0.0
000061.XSHE,0.0
002344.XSHE,0.0
002861.XSHE,0.0
601808.XSHG,0.0
300656.XSHE,0.0
603843.XSHG,0.0
300623.XSHE,0.0
600481.XSHG,0.0
600026.XSHG,-0.2699999999999996
002921.XSHE,0.0
603313.XSHG,0.0
002281.XSHE,0.0
300041.XSHE,0.0
300304.XSHE,0.0
300447.XSHE,0.0
300599.XSHE,0.0
603518.XSHG,0.0
002116.XSHE,0.0
002767.XSHE,0.0
688028.XSHG,0.0
002054.XSHE,0.0
300392.XSHE,0.0
603838.XSHG,0.0
300483.XSHE,0.0
600688.XSHG,0.0
002534.XSHE,0.0
601236.XSHG,0.0
300467.XSHE,0.0
601229.XSHG,-0.8299999999999983
002476.XSHE,0.0
603815.XSHG,0.0
000008.XSHE,0.0
000488.XSHE,0.0
601519.XSHG,0.0
300054.XSHE,0.0
688039.XSHG,0.0
600616.XSHG,0.0
603390.XSHG,0.0
002629.XSHE,0.0
600165.XSHG,-0.8399999999999999
000728.XSHE,0.0
002558.XSHE,-2.4499999999999886
688099.XSHG,0.0
002920.XSHE,0.0
000736.XSHE,0.0
000876.XSHE,0.0
002769.XSHE,0.0
300400.XSHE,0.0
300499.XSHE,-5.25
002787.XSHE,0.0
300338.XSHE,0.0
600687.XSHG,0.0
601777.XSHG,0.0
300418.XSHE,-7.439999999999998
000886.XSHE,0.0
300235.XSHE,-4.470000000000006
300736.XSHE,0.0
000593.XSHE,0.0
603916.XSHG,0.0
002198.XSHE,0.0
600435.XSHG,0.0
300332.XSHE,0.0
300323.XSHE,0.0
600778.XSHG,0.0
603899.XSHG,0.0
300163.XSHE,0.0
603996.XSHG,0.0
601869.XSHG,0.0
600674.XSHG,-1.3499999999999943
000088.XSHE,0.0
000576.XSHE,0.0
300384.XSHE,0.0
600159.XSHG,0.0
300045.XSHE,0.0
603717.XSHG,0.0
000852.XSHE,0.0
300212.XSHE,0.0
002770.XSHE,0.0
600158.XSHG,0.0
600897.XSHG,0.0
300333.XSHE,0.0
603609.XSHG,0.0
002761.XSHE,0.0
601360.XSHG,0.0
002190.XSHE,0.0
600185.XSHG,0.0
002601.XSHE,0.0
002845.XSHE,0.0
603326.XSHG,-1.1000000000000014
001872.XSHE,0.0
300542.XSHE,0.0
002168.XSHE,0.0
300386.XSHE,0.0
300607.XSHE,0.0
300382.XSHE,0.0
002739.XSHE,0.0
600310.XSHG,0.0
603030.XSHG,0.0
603897.XSHG,0.0
300582.XSHE,0.0
600279.XSHG,0.0
603286.XSHG,0.0
000572.XSHE,0.0
300640.XSHE,0.0
002727.XSHE,-1.7600000000000051
600794.XSHG,0.0
000888.XSHE,0.0
002532.XSHE,0.0
600880.XSHG,0.0
002488.XSHE,0.0
300050.XSHE,0.0
603613.XSHG,0.0
000982.XSHE,0.0
601606.XSHG,0.0
002465.XSHE,0.0
600107.XSHG,0.0
300272.XSHE,0.0
002239.XSHE,0.0
600708.XSHG,0.0
000585.XSHE,0.0
300084.XSHE,0.0
300559.XSHE,-7.640000000000001
002857.XSHE,0.0
603126.XSHG,0.0
002536.XSHE,0.0
600284.XSHG,0.0
002463.XSHE,0.0
603777.XSHG,0.0
600198.XSHG,0.0
002233.XSHE,0.0
002469.XSHE,0.0
600999.XSHG,0.0
603298.XSHG,0.0
002462.XSHE,0.0
603616.XSHG,0.0
603636.XSHG,0.0
600438.XSHG,0.0
300635.XSHE,0.0
300647.XSHE,0.0
600744.XSHG,0.0
002167.XSHE,0.0
000801.XSHE,0.0
002269.XSHE,0.0
600841.XSHG,0.0
300797.XSHE,0.0
600354.XSHG,0.0
603489.XSHG,0.0
002383.XSHE,0.0
002426.XSHE,0.0
002540.XSHE,0.0
300548.XSHE,0.0
002134.XSHE,0.0
300040.XSHE,0.0
600285.XSHG,-0.3500000000000014
600637.XSHG,0.0
300226.XSHE,0.0
601996.XSHG,0.0
002290.XSHE,0.0
300161.XSHE,-4.489999999999998
603368.XSHG,0.0
002901.XSHE,0.0
600191.XSHG,0.0
600486.XSHG,-7.280000000000001
002036.XSHE,0.0
600793.XSHG,0.0
300801.XSHE,0.0
000566.XSHE,-8.79
300312.XSHE,0.0
000923.XSHE,0.0
002428.XSHE,0.0
603007.XSHG,0.0
603992.XSHG,0.0
002395.XSHE,0.0
600790.XSHG,0.0
000797.XSHE,0.0
603778.XSHG,0.0
600061.XSHG,0.0
000932.XSHE,0.0
000987.XSHE,0.0
688266.XSHG,-5.540000000000006
000892.XSHE,0.0
600761.XSHG,-0.4299999999999926
300210.XSHE,0.0
300309.XSHE,0.0
000913.XSHE,0.0
603339.XSHG,0.0
603444.XSHG,-17.80000000000001
000798.XSHE,0.0
002792.XSHE,0.0
601899.XSHG,0.0
300463.XSHE,-9.629999999999995
000895.XSHE,-51.39999999999998
002840.XSHE,0.0
603198.XSHG,0.0
603283.XSHG,0.0
002881.XSHE,0.0
002492.XSHE,0.0
600853.XSHG,0.0
300344.XSHE,0.0
603958.XSHG,0.0
601677.XSHG,0.0
300472.XSHE,0.0
603297.XSHG,0.0
603023.XSHG,0.0
002597.XSHE,-2.5799999999999983
600729.XSHG,0.0
002458.XSHE,0.0
300770.XSHE,-14.629999999999995
002455.XSHE,0.0
600970.XSHG,0.0
000926.XSHE,0.0
601288.XSHG,-0.16000000000000014
603927.XSHG,0.0
600612.XSHG,0.0
600052.XSHG,0.0
603139.XSHG,-0.3100000000000005
603486.XSHG,0.0
000881.XSHE,0.0
600272.XSHG,0.0
600606.XSHG,0.0
300300.XSHE,0.0
000815.XSHE,0.0
300631.XSHE,0.0
002381.XSHE,0.0
300237.XSHE,0.0
601901.XSHG,0.0
300686.XSHE,0.0
002141.XSHE,0.0
600707.XSHG,0.0
600648.XSHG,0.0
600963.XSHG,0.0
000007.XSHE,0.0
002681.XSHE,0.0
603603.XSHG,0.0
000502.XSHE,0.0
601319.XSHG,0.0
600736.XSHG,0.0
601390.XSHG,0.0
300680.XSHE,0.0
002201.XSHE,0.0
002399.XSHE,0.0
300465.XSHE,0.0
002346.XSHE,0.0
002918.XSHE,0.0
300399.XSHE,0.0
600634.XSHG,0.0
688116.XSHG,-0.05999999999999517
600433.XSHG,0.0
002546.XSHE,0.0
600503.XSHG,0.0
688025.XSHG,0.0
688363.XSHG,-5.040000000000006
601828.XSHG,0.0
300504.XSHE,0.0
603878.XSHG,0.0
002683.XSHE,0.0
601919.XSHG,0.0
300590.XSHE,0.0
002059.XSHE,0.0
002673.XSHE,0.0
002406.XSHE,0.0
300025.XSHE,0.0
002267.XSHE,0.0
600111.XSHG,0.0
002950.XSHE,0.0
300602.XSHE,0.0
300411.XSHE,-1.1999999999999993
300442.XSHE,0.0
600169.XSHG,0.0
300557.XSHE,0.0
600727.XSHG,0.0
000509.XSHE,0.0
002509.XSHE,0.0
002179.XSHE,-11.160000000000025
300609.XSHE,0.0
600829.XSHG,0.0
600192.XSHG,0.0
002564.XSHE,0.0
600267.XSHG,-9.960000000000008
600116.XSHG,0.0
300705.XSHE,-2.520000000000003
002663.XSHE,0.0
002737.XSHE,-5.040000000000006
300713.XSHE,0.0
603321.XSHG,0.0
603960.XSHG,0.0
002595.XSHE,0.0
002449.XSHE,0.0
600422.XSHG,0.0
002067.XSHE,0.0
000759.XSHE,-1.4399999999999977
600062.XSHG,-11.77000000000001
600482.XSHG,0.0
600967.XSHG,0.0
300434.XSHE,-3.84
603331.XSHG,0.0
002280.XSHE,0.0
603869.XSHG,0.0
002611.XSHE,0.0
601969.XSHG,0.0
688066.XSHG,0.0
600241.XSHG,0.0
688388.XSHG,-3.229999999999997
300776.XSHE,0.0
002713.XSHE,0.0
600705.XSHG,0.0
600620.XSHG,0.0
300615.XSHE,0.0
000848.XSHE,0.0
600814.XSHG,0.0
600579.XSHG,0.0
601113.XSHG,0.0
002886.XSHE,0.0
002258.XSHE,0.0
688020.XSHG,-0.7900000000000063
300394.XSHE,0.0
601952.XSHG,0.0
600383.XSHG,-1.0999999999999943
601668.XSHG,-0.129999999999999
603008.XSHG,0.0
000552.XSHE,0.0
600487.XSHG,0.0
002306.XSHE,0.0
002559.XSHE,0.0
300641.XSHE,0.0
600037.XSHG,0.0
600405.XSHG,0.0
600746.XSHG,-5.289999999999999
600756.XSHG,0.0
600879.XSHG,0.0
002108.XSHE,0.0
002111.XSHE,0.0
000786.XSHE,-1.2399999999999523
300535.XSHE,0.0
603199.XSHG,0.0
002424.XSHE,-15.61
000037.XSHE,0.0
000632.XSHE,0.0
002375.XSHE,0.0
600063.XSHG,0.0
300348.XSHE,0.0
300373.XSHE,0.0
601595.XSHG,0.0
603056.XSHG,0.0
300449.XSHE,0.0
002666.XSHE,0.0
002446.XSHE,0.0
603203.XSHG,-0.38000000000000256
002852.XSHE,0.0
002204.XSHE,0.0
002717.XSHE,0.0
300176.XSHE,0.0
002058.XSHE,0.0
000811.XSHE,0.0
300369.XSHE,-0.7400000000000091
600177.XSHG,-3.319999999999993
603583.XSHG,0.0
002049.XSHE,0.0
002820.XSHE,0.0
600877.XSHG,0.0
600722.XSHG,0.0
603955.XSHG,0.0
002771.XSHE,-0.7999999999999972
300677.XSHE,-5.530000000000001
688357.XSHG,-3.049999999999997
002624.XSHE,-2.030000000000001
603222.XSHG,-2.1299999999999955
002929.XSHE,0.0
000592.XSHE,0.0
000419.XSHE,0.0
000547.XSHE,0.0
002214.XSHE,-3.520000000000003
002508.XSHE,0.0
002678.XSHE,0.0
002781.XSHE,0.0
600668.XSHG,0.0
603922.XSHG,0.0
603005.XSHG,0.0
603239.XSHG,0.0
002460.XSHE,0.0
601666.XSHG,0.0
002644.XSHE,-1.8799999999999955
600721.XSHG,0.0
601658.XSHG,-0.29000000000000004
601798.XSHG,0.0
600825.XSHG,0.0
002266.XSHE,0.0
000960.XSHE,0.0
002144.XSHE,0.0
002555.XSHE,-4.489999999999952
600613.XSHG,-36.95999999999998
600822.XSHG,0.0
300004.XSHE,0.0
600735.XSHG,0.0
002557.XSHE,0.0
300813.XSHE,0.0
600586.XSHG,0.0
603982.XSHG,0.0
603569.XSHG,0.0
300710.XSHE,0.0
688016.XSHG,-14.120000000000005
000668.XSHE,0.0
300663.XSHE,0.0
002729.XSHE,0.0
601838.XSHG,-0.120000000000001
002336.XSHE,0.0
002715.XSHE,0.0
601881.XSHG,0.0
300173.XSHE,0.0
002526.XSHE,0.0
603699.XSHG,0.0
002952.XSHE,0.0
688018.XSHG,-16.900000000000006
300562.XSHE,-9.839999999999996
601699.XSHG,0.0
600555.XSHG,0.0
000921.XSHE,0.0
000001.XSHE,0.0
600483.XSHG,0.0
688178.XSHG,0.0
300131.XSHE,0.0
002903.XSHE,0.0
000861.XSHE,0.0
300048.XSHE,0.0
002871.XSHE,0.0
002889.XSHE,0.0
601126.XSHG,0.0
300097.XSHE,0.0
600833.XSHG,-6.040000000000006
002869.XSHE,0.0
002287.XSHE,0.0
300014.XSHE,0.0
600217.XSHG,0.0
300247.XSHE,0.0
601800.XSHG,0.0
688023.XSHG,-18.909999999999997
000402.XSHE,0.0
300233.XSHE,0.0
600658.XSHG,0.0
600006.XSHG,0.0
600088.XSHG,0.0
300484.XSHE,0.0
300455.XSHE,0.0
002777.XSHE,-0.6099999999999994
300634.XSHE,0.0
603357.XSHG,0.0
600211.XSHG,-0.03999999999999915
300200.XSHE,0.0
300371.XSHE,0.0
601611.XSHG,0.0
002623.XSHE,0.0
300437.XSHE,0.0
000626.XSHE,0.0
300697.XSHE,0.0
002250.XSHE,0.0
002940.XSHE,0.0
603168.XSHG,0.0
300343.XSHE,0.0
600989.XSHG,0.0
300439.XSHE,-3.1600000000000037
300284.XSHE,0.0
601018.XSHG,0.0
603077.XSHG,0.0
603160.XSHG,0.0
603338.XSHG,0.0
000401.XSHE,0.0
002506.XSHE,0.0
603200.XSHG,-0.0799999999999983
600618.XSHG,-24.94999999999999
600791.XSHG,0.0
300617.XSHE,0.0
603458.XSHG,0.0
600368.XSHG,0.0
300475.XSHE,0.0
600036.XSHG,-6.030000000000001
600200.XSHG,-8.210000000000008
000617.XSHE,0.0
300443.XSHE,0.0
601939.XSHG,-0.19000000000000128
002485.XSHE,0.0
002416.XSHE,0.0
600094.XSHG,-0.029999999999997584
600291.XSHG,0.0
000887.XSHE,0.0
002309.XSHE,0.0
603156.XSHG,0.0
000901.XSHE,0.0
000868.XSHE,0.0
002076.XSHE,0.0
002892.XSHE,0.0
600698.XSHG,0.0
002321.XSHE,0.0
000793.XSHE,0.0
603311.XSHG,-1.0300000000000011
002972.XSHE,0.0
601991.XSHG,0.0
600844.XSHG,0.0
300356.XSHE,0.0
002953.XSHE,0.0
600857.XSHG,0.0
601186.XSHG,0.0
603976.XSHG,0.0
000920.XSHE,0.0
000729.XSHE,0.0
002719.XSHE,0.0
300340.XSHE,0.0
300335.XSHE,0.0
601222.XSHG,0.0
000686.XSHE,0.0
600195.XSHG,0.0
002107.XSHE,-4.939999999999998
002073.XSHE,0.0
600234.XSHG,0.0
600317.XSHG,0.0
603379.XSHG,0.0
300533.XSHE,0.0
600029.XSHG,0.0
600896.XSHG,0.0
600533.XSHG,0.0
002928.XSHE,0.0
603656.XSHG,0.0
002480.XSHE,0.0
600346.XSHG,0.0
603858.XSHG,0.0
600691.XSHG,0.0
300192.XSHE,0.0
002900.XSHE,-1.1499999999999986
002846.XSHE,-0.16000000000000014
600389.XSHG,0.0
601688.XSHG,0.0
600933.XSHG,0.0
300581.XSHE,0.0
600874.XSHG,0.0
002851.XSHE,0.0
600850.XSHG,0.0
600835.XSHG,0.0
300558.XSHE,0.0
002095.XSHE,0.0
300560.XSHE,0.0
600225.XSHG,0.0
002520.XSHE,0.0
002372.XSHE,0.0
002847.XSHE,0.0
300567.XSHE,0.0
603655.XSHG,0.0
300391.XSHE,0.0
600851.XSHG,-5.25
600919.XSHG,-0.2600000000000007
000767.XSHE,0.0
603551.XSHG,0.0
601929.XSHG,0.0
000807.XSHE,0.0
002072.XSHE,0.0
001896.XSHE,0.0
688005.XSHG,0.0
300339.XSHE,0.0
600025.XSHG,-0.2100000000000004
300190.XSHE,0.0
000959.XSHE,0.0
600080.XSHG,0.0
002324.XSHE,0.0
002035.XSHE,0.0
603108.XSHG,-9.130000000000003
002300.XSHE,0.0
600936.XSHG,0.0
002965.XSHE,0.0
002195.XSHE,0.0
601579.XSHG,-0.129999999999999
000619.XSHE,0.0
002277.XSHE,0.0
300244.XSHE,-40.16
603289.XSHG,0.0
300075.XSHE,0.0
600651.XSHG,0.0
002585.XSHE,0.0
603232.XSHG,0.0
600765.XSHG,0.0
300219.XSHE,0.0
002746.XSHE,0.0
002427.XSHE,0.0
002699.XSHE,0.0
300408.XSHE,0.0
603192.XSHG,0.0
603918.XSHG,0.0
002147.XSHE,0.0
300174.XSHE,0.0
300733.XSHE,0.0
601212.XSHG,0.0
600675.XSHG,0.0
603536.XSHG,0.0
603600.XSHG,0.0
300432.XSHE,0.0
300133.XSHE,0.0
000006.XSHE,0.0
300088.XSHE,0.0
603348.XSHG,0.0
002216.XSHE,-15.429999999999993
002490.XSHE,0.0
600277.XSHG,0.0
600741.XSHG,-69.42000000000007
601985.XSHG,-0.07000000000000028
300165.XSHE,0.0
603365.XSHG,0.0
300058.XSHE,0.0
002730.XSHE,0.0
300258.XSHE,0.0
000525.XSHE,0.0
300779.XSHE,-0.019999999999999574
600601.XSHG,0.0
603566.XSHG,0.0
000677.XSHE,0.0
300266.XSHE,0.0
002238.XSHE,0.0
002667.XSHE,0.0
600458.XSHG,0.0
000065.XSHE,0.0
600209.XSHG,0.0
600104.XSHG,-1.3799999999999955
600881.XSHG,-1.5600000000000023
603009.XSHG,0.0
603036.XSHG,0.0
002528.XSHE,0.0
300101.XSHE,0.0
300555.XSHE,0.0
603856.XSHG,0.0
688033.XSHG,0.0
600782.XSHG,0.0
603387.XSHG,-1.5800000000000054
002212.XSHE,0.0
300725.XSHE,-0.6299999999999955
000526.XSHE,0.0
000829.XSHE,0.0
300553.XSHE,0.0
603680.XSHG,0.0
300002.XSHE,0.0
601997.XSHG,-0.20999999999999908
688399.XSHG,-18.510000000000005
002823.XSHE,0.0
002910.XSHE,0.0
300015.XSHE,-18.389999999999986
600396.XSHG,0.0
600280.XSHG,0.0
000550.XSHE,0.0
603937.XSHG,0.0
000890.XSHE,0.0
603369.XSHG,0.0
600773.XSHG,0.0
600386.XSHG,0.0
600009.XSHG,-5.230000000000018
300003.XSHE,-4.969999999999985
603678.XSHG,0.0
000766.XSHE,-2.450000000000003
300169.XSHE,0.0
600689.XSHG,0.0
601188.XSHG,0.0
300269.XSHE,0.0
603028.XSHG,0.0
002211.XSHE,0.0
002686.XSHE,0.0
000988.XSHE,0.0
603103.XSHG,0.0
000820.XSHE,0.0
300706.XSHE,0.0
300619.XSHE,0.0
600388.XSHG,-5.3799999999999955
300229.XSHE,0.0
603519.XSHG,0.0
000523.XSHE,-5.309999999999995
000002.XSHE,-75.86000000000013
002445.XSHE,0.0
300491.XSHE,0.0
600377.XSHG,-0.9199999999999982
000570.XSHE,0.0
300621.XSHE,0.0
002798.XSHE,0.0
002755.XSHE,0.0
002936.XSHE,0.0
600738.XSHG,0.0
601177.XSHG,0.0
002592.XSHE,0.0
002412.XSHE,0.0
002711.XSHE,-0.870000000000001
002803.XSHE,0.0
603316.XSHG,0.0
603178.XSHG,0.0
300053.XSHE,0.0
688029.XSHG,-15.699999999999989
603317.XSHG,0.0
300740.XSHE,0.0
000582.XSHE,0.0
002339.XSHE,0.0
002865.XSHE,0.0
601858.XSHG,0.0
600730.XSHG,0.0
603033.XSHG,0.0
002835.XSHE,0.0
002494.XSHE,0.0
300626.XSHE,0.0
603889.XSHG,0.0
300038.XSHE,0.0
002693.XSHE,-2.450000000000001
000561.XSHE,0.0
300259.XSHE,0.0
002619.XSHE,0.0
002002.XSHE,0.0
300739.XSHE,0.0
600213.XSHG,0.0
603676.XSHG,0.0
603888.XSHG,0.0
000620.XSHE,0.0
002832.XSHE,0.0
600323.XSHG,-4.3999999999999915
600737.XSHG,0.0
002695.XSHE,0.0
000999.XSHE,-7.049999999999997
600892.XSHG,0.0
002531.XSHE,0.0
002707.XSHE,0.0
000903.XSHE,0.0
300633.XSHE,-1.3299999999999983
600749.XSHG,0.0
002404.XSHE,0.0
600122.XSHG,0.0
300570.XSHE,0.0
603385.XSHG,0.0
600097.XSHG,0.0
600666.XSHG,0.0
002089.XSHE,0.0
002041.XSHE,0.0
603938.XSHG,0.0
002856.XSHE,0.0
000039.XSHE,0.0
000559.XSHE,0.0
002016.XSHE,0.0
002926.XSHE,0.0
603811.XSHG,-2.75
000099.XSHE,0.0
002802.XSHE,0.0
000977.XSHE,-8.389999999999986
000839.XSHE,0.0
300026.XSHE,-19.539999999999992
300140.XSHE,0.0
000919.XSHE,-0.8300000000000018
600350.XSHG,0.0
600988.XSHG,-2.3000000000000007
002848.XSHE,0.0
000830.XSHE,0.0
601607.XSHG,-1.4299999999999997
300741.XSHE,0.0
603687.XSHG,0.0
300457.XSHE,-5.239999999999981
600587.XSHG,-9.149999999999991
600712.XSHG,0.0
600299.XSHG,0.0
000727.XSHE,0.0
002705.XSHE,0.0
600498.XSHG,0.0
002188.XSHE,-0.7299999999999995
300730.XSHE,0.0
000949.XSHE,0.0
002047.XSHE,0.0
300249.XSHE,0.0
000698.XSHE,-1.1399999999999988
300791.XSHE,0.0
002310.XSHE,0.0
600982.XSHG,0.0
002122.XSHE,0.0
002714.XSHE,-0.6899999999999409
601398.XSHG,-0.21000000000000085
002641.XSHE,0.0
600803.XSHG,0.0
002371.XSHE,0.0
600706.XSHG,0.0
000050.XSHE,0.0
000912.XSHE,0.0
000601.XSHE,0.0
002899.XSHE,0.0
600500.XSHG,-0.25
603177.XSHG,0.0
000410.XSHE,0.0
688108.XSHG,-1.8200000000000003
300699.XSHE,-0.09000000000000341
000717.XSHE,0.0
300238.XSHE,-13.239999999999995
300662.XSHE,0.0
300102.XSHE,0.0
300643.XSHE,0.0
603703.XSHG,-1.3399999999999963
002003.XSHE,0.0
300239.XSHE,0.0
002090.XSHE,0.0
300781.XSHE,0.0
600219.XSHG,0.0
600171.XSHG,0.0
000828.XSHE,0.0
600410.XSHG,0.0
601366.XSHG,0.0
688300.XSHG,-3.25
300425.XSHE,0.0
601908.XSHG,0.0
002009.XSHE,0.0
002560.XSHE,0.0
300051.XSHE,-0.5
300487.XSHE,0.0
300061.XSHE,0.0
000785.XSHE,0.0
300172.XSHE,0.0
000968.XSHE,0.0
002583.XSHE,0.0
002554.XSHE,0.0
600295.XSHG,0.0
603181.XSHG,0.0
600095.XSHG,0.0
601168.XSHG,0.0
603822.XSHG,0.0
300009.XSHE,-0.3499999999999943
300253.XSHE,-23.80000000000001
300250.XSHE,0.0
300234.XSHE,0.0
600305.XSHG,0.0
601208.XSHG,0.0
300047.XSHE,0.0
600057.XSHG,0.0
300703.XSHE,0.0
000063.XSHE,-11.219999999999914
600526.XSHG,0.0
603768.XSHG,0.0
603535.XSHG,0.0
300215.XSHE,0.0
600232.XSHG,0.0
002909.XSHE,0.0
300099.XSHE,0.0
600997.XSHG,0.0
000430.XSHE,0.0
603650.XSHG,0.0
601169.XSHG,-0.4700000000000024
002782.XSHE,0.0
300317.XSHE,0.0
603011.XSHG,0.0
300664.XSHE,0.0
002902.XSHE,0.0
300762.XSHE,0.0
002160.XSHE,0.0
300012.XSHE,-10.259999999999991
002722.XSHE,0.0
300531.XSHE,0.0
603131.XSHG,0.0
603506.XSHG,0.0
002163.XSHE,0.0
603588.XSHG,0.0
603861.XSHG,0.0
002933.XSHE,0.0
300787.XSHE,0.0
000628.XSHE,0.0
600330.XSHG,0.0
001979.XSHE,0.0
300594.XSHE,0.0
000908.XSHE,-0.6199999999999992
002743.XSHE,0.0
300052.XSHE,0.0
600071.XSHG,0.0
603022.XSHG,-1.1500000000000057
688068.XSHG,-12.5
300037.XSHE,0.0
000726.XSHE,-0.8099999999999881
002660.XSHE,0.0
601127.XSHG,0.0
002630.XSHE,0.0
300170.XSHE,0.0
002113.XSHE,0.0
300481.XSHE,0.0
603066.XSHG,0.0
603113.XSHG,0.0
000415.XSHE,0.0
002963.XSHE,0.0
002807.XSHE,0.0
002688.XSHE,0.0
002489.XSHE,0.0
600681.XSHG,0.0
688122.XSHG,0.0
600269.XSHG,0.0
300321.XSHE,0.0
600446.XSHG,0.0
603117.XSHG,0.0
002657.XSHE,0.0
300551.XSHE,0.0
002905.XSHE,0.0
002621.XSHE,0.0
601117.XSHG,0.0
300153.XSHE,0.0
600830.XSHG,0.0
300230.XSHE,0.0
002819.XSHE,0.0
300345.XSHE,0.0
000690.XSHE,0.0
000951.XSHE,0.0
600811.XSHG,0.0
603708.XSHG,-3.1700000000000017
000933.XSHE,0.0
600642.XSHG,0.0
601886.XSHG,0.0
002443.XSHE,0.0
300547.XSHE,0.0
300220.XSHE,0.0
002037.XSHE,0.0
002870.XSHE,0.0
002938.XSHE,0.0
300166.XSHE,0.0
300202.XSHE,0.0
600379.XSHG,0.0
300005.XSHE,0.0
300224.XSHE,0.0
002569.XSHE,0.0
300152.XSHE,0.0
300370.XSHE,0.0
000553.XSHE,0.0
002937.XSHE,0.0
000639.XSHE,0.0
300265.XSHE,0.0
300137.XSHE,0.0
002562.XSHE,0.0
300792.XSHE,0.0
002392.XSHE,0.0
300595.XSHE,-4.639999999999986
600004.XSHG,-1.5300000000000011
600216.XSHG,-3.0700000000000074
000739.XSHE,-5.199999999999989
002019.XSHE,0.0
002408.XSHE,0.0
300601.XSHE,-9.340000000000003
601799.XSHG,-0.4399999999999977
002464.XSHE,0.0
603727.XSHG,0.0
002668.XSHE,0.0
603823.XSHG,0.0
300563.XSHE,0.0
300503.XSHE,-0.5899999999999999
600701.XSHG,0.0
600309.XSHG,-65.36999999999989
603628.XSHG,0.0
600178.XSHG,0.0
300031.XSHE,0.0
002429.XSHE,0.0
000012.XSHE,0.0
600753.XSHG,0.0
300468.XSHE,0.0
002138.XSHE,0.0
600161.XSHG,-29.41999999999996
300043.XSHE,0.0
002185.XSHE,0.0
601006.XSHG,-0.29999999999999893
600759.XSHG,0.0
600845.XSHG,-11.01000000000002
000858.XSHE,0.0
002004.XSHE,0.0
300808.XSHE,0.0
002596.XSHE,0.0
603225.XSHG,0.0
600167.XSHG,0.0
000670.XSHE,0.0
002330.XSHE,0.0
002790.XSHE,0.0
000400.XSHE,0.0
000776.XSHE,0.0
300426.XSHE,0.0
300747.XSHE,0.0
300577.XSHE,-2.8999999999999915
002609.XSHE,0.0
300722.XSHE,0.0
002227.XSHE,0.0
603970.XSHG,0.0
002226.XSHE,0.0
600545.XSHG,0.0
000404.XSHE,0.0
603966.XSHG,0.0
601598.XSHG,0.0
002184.XSHE,0.0
300812.XSHE,0.0
600826.XSHG,0.0
002529.XSHE,0.0
300106.XSHE,0.0
600602.XSHG,0.0
300211.XSHE,0.0
000655.XSHE,0.0
000612.XSHE,0.0
000691.XSHE,0.0
002176.XSHE,0.0
000970.XSHE,0.0
002318.XSHE,0.0
600774.XSHG,0.0
600459.XSHG,0.0
002387.XSHE,0.0
300587.XSHE,0.0
002015.XSHE,0.0
002098.XSHE,0.0
600630.XSHG,-2.3800000000000026
002364.XSHE,0.0
300057.XSHE,0.0
300496.XSHE,0.0
002968.XSHE,0.0
300387.XSHE,0.0
002697.XSHE,-1.7800000000000011
300125.XSHE,0.0
600593.XSHG,-4.320000000000007
300550.XSHE,0.0
603488.XSHG,0.0
002293.XSHE,0.0
000058.XSHE,0.0
603579.XSHG,0.0
300644.XSHE,0.0
600566.XSHG,-0.4899999999999949
002120.XSHE,-10.689999999999998
300788.XSHE,0.0
688030.XSHG,0.0
002242.XSHE,-4.02000000000001
300510.XSHE,0.0
603936.XSHG,0.0
002709.XSHE,-1.5900000000000034
600720.XSHG,0.0
000707.XSHE,0.0
002407.XSHE,0.0
002020.XSHE,-1.5699999999999932
000016.XSHE,0.0
600463.XSHG,0.0
603668.XSHG,0.0
600771.XSHG,0.0
002170.XSHE,0.0
002689.XSHE,0.0
002510.XSHE,0.0
600054.XSHG,0.0
000609.XSHE,0.0
002247.XSHE,0.0
000751.XSHE,0.0
000997.XSHE,0.0
002276.XSHE,0.0
600823.XSHG,0.0
002223.XSHE,-11.090000000000003
600558.XSHG,0.0
002661.XSHE,-3.740000000000002
002358.XSHE,0.0
002471.XSHE,0.0
600895.XSHG,0.0
300225.XSHE,0.0
600237.XSHG,0.0
600855.XSHG,0.0
300511.XSHE,-0.7600000000000016
603058.XSHG,0.0
300586.XSHE,0.0
600462.XSHG,0.0
300428.XSHE,0.0
002780.XSHE,0.0
600352.XSHG,0.0
601211.XSHG,0.0
002153.XSHE,0.0
603985.XSHG,0.0
002838.XSHE,0.0
003816.XSHE,0.0
300691.XSHE,0.0
000423.XSHE,0.0
600998.XSHG,-0.5
002357.XSHE,0.0
600081.XSHG,0.0
603585.XSHG,0.0
600539.XSHG,0.0
603818.XSHG,0.0
600581.XSHG,0.0
002817.XSHE,0.0
002858.XSHE,0.0
300156.XSHE,0.0
601388.XSHG,0.0
300141.XSHE,0.0
000779.XSHE,0.0
300243.XSHE,0.0
603233.XSHG,-3.049999999999997
300021.XSHE,0.0
002691.XSHE,0.0
002913.XSHE,0.0
600070.XSHG,0.0
600251.XSHG,0.0
300098.XSHE,0.0
600283.XSHG,0.0
002590.XSHE,0.0
002237.XSHE,-2.8899999999999864
300280.XSHE,0.0
603099.XSHG,0.0
603883.XSHG,0.0
000713.XSHE,0.0
300093.XSHE,0.0
300095.XSHE,0.0
002109.XSHE,0.0
600265.XSHG,0.0
603706.XSHG,0.0
300256.XSHE,0.0
002272.XSHE,0.0
600837.XSHG,0.0
600551.XSHG,0.0
002394.XSHE,0.0
601377.XSHG,0.0
000711.XSHE,0.0
600290.XSHG,0.0
002579.XSHE,0.0
600426.XSHG,-8.839999999999975
002561.XSHE,0.0
000697.XSHE,0.0
002437.XSHE,0.0
300517.XSHE,0.0
600343.XSHG,0.0
600723.XSHG,0.0
000869.XSHE,0.0
600984.XSHG,0.0
002593.XSHE,0.0
002785.XSHE,0.0
002734.XSHE,0.0
002580.XSHE,0.0
603320.XSHG,0.0
002209.XSHE,0.0
600275.XSHG,0.0
600745.XSHG,0.0
600783.XSHG,0.0
000833.XSHE,0.0
300403.XSHE,0.0
600546.XSHG,0.0
300645.XSHE,0.0
603538.XSHG,0.0
603068.XSHG,0.0
600490.XSHG,0.0
600129.XSHG,-4.079999999999998
000536.XSHE,0.0
601878.XSHG,0.0
688368.XSHG,0.0
603773.XSHG,0.0
300658.XSHE,-2.09
002516.XSHE,0.0
603133.XSHG,0.0
002273.XSHE,0.0
002402.XSHE,0.0
600816.XSHG,0.0
600628.XSHG,0.0
000407.XSHE,0.0
002524.XSHE,0.0
002063.XSHE,0.0
300056.XSHE,-0.11999999999999744
603568.XSHG,0.0
000597.XSHE,-2.0900000000000034
300464.XSHE,0.0
603266.XSHG,0.0
000035.XSHE,0.0
600626.XSHG,-1.5800000000000054
603817.XSHG,0.0
300288.XSHE,0.0
600810.XSHG,0.0
000544.XSHE,0.0
600467.XSHG,0.0
300458.XSHE,0.0
002252.XSHE,-14.97999999999999
300327.XSHE,0.0
600012.XSHG,0.0
603660.XSHG,-2.5600000000000023
300422.XSHE,0.0
600863.XSHG,0.0
002183.XSHE,0.0
000900.XSHE,0.0
600420.XSHG,-8.620000000000005
601066.XSHG,0.0
000935.XSHE,0.0
688321.XSHG,-2.1000000000000014
002626.XSHE,0.0
002943.XSHE,0.0
002637.XSHE,0.0
601958.XSHG,0.0
600780.XSHG,0.0
300079.XSHE,0.0
600256.XSHG,0.0
600875.XSHG,0.0
000584.XSHE,0.0
002040.XSHE,0.0
600260.XSHG,0.0
603799.XSHG,0.0
300438.XSHE,0.0
000922.XSHE,0.0
300543.XSHE,0.0
601028.XSHG,0.0
300541.XSHE,0.0
002279.XSHE,0.0
601228.XSHG,0.0
603698.XSHG,0.0
300115.XSHE,0.0
000703.XSHE,0.0
300388.XSHE,0.0
000733.XSHE,0.0
002403.XSHE,0.0
000818.XSHE,0.0
000880.XSHE,0.0
603722.XSHG,0.0
000518.XSHE,-3.6899999999999977
603078.XSHG,0.0
600084.XSHG,0.0
000819.XSHE,-0.8900000000000006
002391.XSHE,0.0
600307.XSHG,0.0
600130.XSHG,0.0
600306.XSHG,0.0
300591.XSHE,0.0
600141.XSHG,0.0
688158.XSHG,-0.0800000000000054
002413.XSHE,0.0
688166.XSHG,-9.719999999999999
600436.XSHG,-22.75
000338.XSHE,0.0
601003.XSHG,0.0
300471.XSHE,0.0
600568.XSHG,-3.1799999999999997
603590.XSHG,-0.6799999999999997
000568.XSHE,0.0
002157.XSHE,0.0
300726.XSHE,0.0
000930.XSHE,-5.340000000000003
300175.XSHE,0.0
300526.XSHE,-17.94999999999999
002165.XSHE,0.0
300111.XSHE,0.0
600715.XSHG,0.0
000657.XSHE,0.0
601992.XSHG,0.0
300260.XSHE,0.0
600135.XSHG,0.0
600321.XSHG,0.0
603612.XSHG,0.0
002354.XSHE,0.0
300729.XSHE,0.0
300698.XSHE,0.0
600644.XSHG,0.0
600663.XSHG,0.0
300678.XSHE,0.0
601009.XSHG,-0.8700000000000045
600027.XSHG,0.0
603360.XSHG,0.0
600360.XSHG,0.0
300655.XSHE,0.0
603012.XSHG,0.0
300147.XSHE,-7.5
300761.XSHE,0.0
002074.XSHE,0.0
300100.XSHE,0.0
603788.XSHG,0.0
300519.XSHE,-0.8900000000000006
002297.XSHE,0.0
000850.XSHE,0.0
002459.XSHE,0.0
002795.XSHE,0.0
603928.XSHG,0.0
603688.XSHG,0.0
000616.XSHE,0.0
002106.XSHE,0.0
600137.XSHG,0.0
300451.XSHE,-6.359999999999985
002862.XSHE,0.0
002435.XSHE,0.0
600064.XSHG,0.0
600511.XSHG,-12.75
600677.XSHG,0.0
300089.XSHE,0.0
002154.XSHE,0.0
603015.XSHG,0.0
300033.XSHE,0.0
300352.XSHE,0.0
300207.XSHE,0.0
002121.XSHE,0.0
002801.XSHE,0.0
603880.XSHG,0.0
600085.XSHG,-37.44
002837.XSHE,0.0
002530.XSHE,0.0
688218.XSHG,0.0
603315.XSHG,0.0
000166.XSHE,0.0
002650.XSHE,0.0
002355.XSHE,0.0
300357.XSHE,0.0
002382.XSHE,0.0
002347.XSHE,0.0
002232.XSHE,0.0
002612.XSHE,0.0
603098.XSHG,0.0
002053.XSHE,0.0
600971.XSHG,0.0
600535.XSHG,-12.669999999999987
600082.XSHG,0.0
601116.XSHG,0.0
002359.XSHE,0.0
002806.XSHE,0.0
300184.XSHE,0.0
002124.XSHE,0.0
300121.XSHE,0.0
300417.XSHE,0.0
600375.XSHG,0.0
002038.XSHE,-4.670000000000016
600766.XSHG,-0.379999999999999
002356.XSHE,0.0
300020.XSHE,0.0
600381.XSHG,0.0
600647.XSHG,0.0
300263.XSHE,0.0
300290.XSHE,0.0
300492.XSHE,0.0
002011.XSHE,0.0
601138.XSHG,0.0
600980.XSHG,0.0
603031.XSHG,0.0
002877.XSHE,0.0
300350.XSHE,0.0
600622.XSHG,0.0
300159.XSHE,0.0
603508.XSHG,0.0
000551.XSHE,0.0
002249.XSHE,0.0
000792.XSHE,0.0
002114.XSHE,0.0
603050.XSHG,0.0
000665.XSHE,0.0
600220.XSHG,0.0
002544.XSHE,0.0
002388.XSHE,0.0
603881.XSHG,0.0
600118.XSHG,-17.689999999999998
600969.XSHG,0.0
002301.XSHE,-3.530000000000001
002800.XSHE,0.0
600665.XSHG,0.0
603323.XSHG,0.0
603499.XSHG,0.0
000893.XSHE,0.0
300407.XSHE,0.0
603059.XSHG,0.0
600986.XSHG,0.0
300565.XSHE,0.0
300119.XSHE,-4.019999999999996
600262.XSHG,0.0
600821.XSHG,0.0
601865.XSHG,0.0
002825.XSHE,0.0
002421.XSHE,0.0
002839.XSHE,0.0
300158.XSHE,-2.870000000000001
000021.XSHE,0.0
002320.XSHE,0.0
002550.XSHE,-0.35999999999999943
600710.XSHG,0.0
603116.XSHG,0.0
002027.XSHE,0.0
600975.XSHG,0.0
600679.XSHG,0.0
688369.XSHG,-7.710000000000001
603335.XSHG,0.0
002669.XSHE,0.0
300564.XSHE,0.0
603798.XSHG,0.0
300767.XSHE,-5.100000000000001
600038.XSHG,0.0
603080.XSHG,0.0
603712.XSHG,0.0
688010.XSHG,0.0
300420.XSHE,0.0
601601.XSHG,-0.5700000000000003
300162.XSHE,0.0
601990.XSHG,0.0
002444.XSHE,0.0
002636.XSHE,0.0
600884.XSHG,0.0
000028.XSHE,-5.390000000000015
000429.XSHE,-1.2399999999999984
002056.XSHE,0.0
300476.XSHE,0.0
600387.XSHG,0.0
603110.XSHG,0.0
603968.XSHG,0.0
002032.XSHE,-0.09000000000003183
603912.XSHG,0.0
002055.XSHE,0.0
600567.XSHG,0.0
603093.XSHG,0.0
600316.XSHG,0.0
002311.XSHE,-16.19999999999999
002538.XSHE,0.0
600371.XSHG,0.0
600662.XSHG,0.0
002283.XSHE,0.0
603987.XSHG,-0.9400000000000013
603027.XSHG,0.0
002345.XSHE,0.0
300412.XSHE,0.0
600499.XSHG,0.0
600506.XSHG,0.0
300666.XSHE,0.0
000591.XSHE,0.0
000630.XSHE,0.0
002360.XSHE,0.0
601999.XSHG,-0.33999999999999986
000596.XSHE,0.0
002796.XSHE,0.0
603515.XSHG,0.0
002973.XSHE,0.0
000587.XSHE,0.0
600090.XSHG,-2.6899999999999977
002880.XSHE,-0.6300000000000026
002454.XSHE,0.0
000810.XSHE,0.0
600521.XSHG,-7.560000000000002
600392.XSHG,0.0
000610.XSHE,0.0
603466.XSHG,0.0
002125.XSHE,0.0
603557.XSHG,0.0
300460.XSHE,0.0
000023.XSHE,0.0
002094.XSHE,0.0
002919.XSHE,0.0
300139.XSHE,0.0
600624.XSHG,-23.74000000000001
000701.XSHE,0.0
300597.XSHE,0.0
600531.XSHG,0.0
300494.XSHE,0.0
600824.XSHG,0.0
603238.XSHG,0.0
688128.XSHG,0.0
300751.XSHE,-3.950000000000017
603803.XSHG,0.0
002685.XSHE,0.0
603998.XSHG,0.0
