code,date,momentum_5d
603999.XSHG,2020-01-07,
300510.XSHE,2020-01-07,
002289.XSHE,2020-01-07,
002481.XSHE,2020-01-07,
300724.XSHE,2020-01-07,
600220.XSHG,2020-01-07,
600730.XSHG,2020-01-07,
603108.XSHG,2020-01-07,
600199.XSHG,2020-01-07,
601018.XSHG,2020-01-07,
601336.XSHG,2020-01-07,
000951.XSHE,2020-01-07,
600599.XSHG,2020-01-07,
002443.XSHE,2020-01-07,
603969.XSHG,2020-01-07,
600883.XSHG,2020-01-07,
300307.XSHE,2020-01-07,
603917.XSHG,2020-01-07,
600355.XSHG,2020-01-07,
300547.XSHE,2020-01-07,
000554.XSHE,2020-01-07,
000516.XSHE,2020-01-07,
601229.XSHG,2020-01-07,
600039.XSHG,2020-01-07,
601020.XSHG,2020-01-07,
000869.XSHE,2020-01-07,
603725.XSHG,2020-01-07,
603177.XSHG,2020-01-07,
600288.XSHG,2020-01-07,
300164.XSHE,2020-01-07,
002012.XSHE,2020-01-07,
002590.XSHE,2020-01-07,
300738.XSHE,2020-01-07,
300207.XSHE,2020-01-07,
002938.XSHE,2020-01-07,
600095.XSHG,2020-01-07,
002876.XSHE,2020-01-07,
002502.XSHE,2020-01-07,
002542.XSHE,2020-01-07,
000736.XSHE,2020-01-07,
600623.XSHG,2020-01-07,
300534.XSHE,2020-01-07,
603815.XSHG,2020-01-07,
000096.XSHE,2020-01-07,
300359.XSHE,2020-01-07,
002826.XSHE,2020-01-07,
600382.XSHG,2020-01-07,
300512.XSHE,2020-01-07,
600588.XSHG,2020-01-07,
600361.XSHG,2020-01-07,
600236.XSHG,2020-01-07,
000565.XSHE,2020-01-07,
000998.XSHE,2020-01-07,
300531.XSHE,2020-01-07,
002224.XSHE,2020-01-07,
002337.XSHE,2020-01-07,
002453.XSHE,2020-01-07,
601512.XSHG,2020-01-07,
300799.XSHE,2020-01-07,
603697.XSHG,2020-01-07,
000155.XSHE,2020-01-07,
600667.XSHG,2020-01-07,
300437.XSHE,2020-01-07,
002836.XSHE,2020-01-07,
600537.XSHG,2020-01-07,
603816.XSHG,2020-01-07,
300514.XSHE,2020-01-07,
300033.XSHE,2020-01-07,
002459.XSHE,2020-01-07,
300084.XSHE,2020-01-07,
000679.XSHE,2020-01-07,
600403.XSHG,2020-01-07,
300366.XSHE,2020-01-07,
000055.XSHE,2020-01-07,
300025.XSHE,2020-01-07,
300363.XSHE,2020-01-07,
600290.XSHG,2020-01-07,
603008.XSHG,2020-01-07,
601236.XSHG,2020-01-07,
600742.XSHG,2020-01-07,
300346.XSHE,2020-01-07,
300726.XSHE,2020-01-07,
002467.XSHE,2020-01-07,
000159.XSHE,2020-01-07,
600592.XSHG,2020-01-07,
600331.XSHG,2020-01-07,
002261.XSHE,2020-01-07,
002310.XSHE,2020-01-07,
002181.XSHE,2020-01-07,
000837.XSHE,2020-01-07,
600808.XSHG,2020-01-07,
002714.XSHE,2020-01-07,
601288.XSHG,2020-01-07,
603617.XSHG,2020-01-07,
603799.XSHG,2020-01-07,
002579.XSHE,2020-01-07,
300386.XSHE,2020-01-07,
600428.XSHG,2020-01-07,
300286.XSHE,2020-01-07,
600828.XSHG,2020-01-07,
002285.XSHE,2020-01-07,
002574.XSHE,2020-01-07,
000739.XSHE,2020-01-07,
002900.XSHE,2020-01-07,
600856.XSHG,2020-01-07,
600186.XSHG,2020-01-07,
600584.XSHG,2020-01-07,
600485.XSHG,2020-01-07,
002806.XSHE,2020-01-07,
300639.XSHE,2020-01-07,
601991.XSHG,2020-01-07,
002398.XSHE,2020-01-07,
002627.XSHE,2020-01-07,
300323.XSHE,2020-01-07,
002027.XSHE,2020-01-07,
601113.XSHG,2020-01-07,
600276.XSHG,2020-01-07,
002377.XSHE,2020-01-07,
002738.XSHE,2020-01-07,
002802.XSHE,2020-01-07,
002140.XSHE,2020-01-07,
300130.XSHE,2020-01-07,
002021.XSHE,2020-01-07,
603555.XSHG,2020-01-07,
300777.XSHE,2020-01-07,
002884.XSHE,2020-01-07,
603031.XSHG,2020-01-07,
300698.XSHE,2020-01-07,
000933.XSHE,2020-01-07,
002776.XSHE,2020-01-07,
300083.XSHE,2020-01-07,
002304.XSHE,2020-01-07,
601233.XSHG,2020-01-07,
300658.XSHE,2020-01-07,
002392.XSHE,2020-01-07,
601598.XSHG,2020-01-07,
300563.XSHE,2020-01-07,
002683.XSHE,2020-01-07,
002882.XSHE,2020-01-07,
600969.XSHG,2020-01-07,
603131.XSHG,2020-01-07,
002347.XSHE,2020-01-07,
002316.XSHE,2020-01-07,
688019.XSHG,2020-01-07,
002333.XSHE,2020-01-07,
601866.XSHG,2020-01-07,
603505.XSHG,2020-01-07,
002501.XSHE,2020-01-07,
300310.XSHE,2020-01-07,
300498.XSHE,2020-01-07,
300038.XSHE,2020-01-07,
000690.XSHE,2020-01-07,
002364.XSHE,2020-01-07,
600178.XSHG,2020-01-07,
002136.XSHE,2020-01-07,
002816.XSHE,2020-01-07,
603878.XSHG,2020-01-07,
601811.XSHG,2020-01-07,
300508.XSHE,2020-01-07,
300493.XSHE,2020-01-07,
603611.XSHG,2020-01-07,
300219.XSHE,2020-01-07,
300487.XSHE,2020-01-07,
603386.XSHG,2020-01-07,
603786.XSHG,2020-01-07,
300129.XSHE,2020-01-07,
300620.XSHE,2020-01-07,
600083.XSHG,2020-01-07,
603896.XSHG,2020-01-07,
000812.XSHE,2020-01-07,
600691.XSHG,2020-01-07,
002044.XSHE,2020-01-07,
300741.XSHE,2020-01-07,
600500.XSHG,2020-01-07,
002962.XSHE,2020-01-07,
002074.XSHE,2020-01-07,
300431.XSHE,2020-01-07,
300541.XSHE,2020-01-07,
600128.XSHG,2020-01-07,
600379.XSHG,2020-01-07,
601166.XSHG,2020-01-07,
603026.XSHG,2020-01-07,
300333.XSHE,2020-01-07,
601066.XSHG,2020-01-07,
002275.XSHE,2020-01-07,
000636.XSHE,2020-01-07,
601698.XSHG,2020-01-07,
000719.XSHE,2020-01-07,
600839.XSHG,2020-01-07,
002932.XSHE,2020-01-07,
000829.XSHE,2020-01-07,
000695.XSHE,2020-01-07,
300760.XSHE,2020-01-07,
600172.XSHG,2020-01-07,
000420.XSHE,2020-01-07,
600115.XSHG,2020-01-07,
300094.XSHE,2020-01-07,
300594.XSHE,2020-01-07,
600655.XSHG,2020-01-07,
300713.XSHE,2020-01-07,
601619.XSHG,2020-01-07,
603322.XSHG,2020-01-07,
603988.XSHG,2020-01-07,
600161.XSHG,2020-01-07,
603985.XSHG,2020-01-07,
002086.XSHE,2020-01-07,
600119.XSHG,2020-01-07,
600810.XSHG,2020-01-07,
300505.XSHE,2020-01-07,
002670.XSHE,2020-01-07,
600809.XSHG,2020-01-07,
002749.XSHE,2020-01-07,
000623.XSHE,2020-01-07,
600638.XSHG,2020-01-07,
603520.XSHG,2020-01-07,
002931.XSHE,2020-01-07,
600105.XSHG,2020-01-07,
000016.XSHE,2020-01-07,
000030.XSHE,2020-01-07,
603289.XSHG,2020-01-07,
002840.XSHE,2020-01-07,
300520.XSHE,2020-01-07,
688202.XSHG,2020-01-07,
603298.XSHG,2020-01-07,
002629.XSHE,2020-01-07,
000504.XSHE,2020-01-07,
000526.XSHE,2020-01-07,
002734.XSHE,2020-01-07,
300057.XSHE,2020-01-07,
300440.XSHE,2020-01-07,
601838.XSHG,2020-01-07,
600847.XSHG,2020-01-07,
300454.XSHE,2020-01-07,
002848.XSHE,2020-01-07,
002718.XSHE,2020-01-07,
002730.XSHE,2020-01-07,
002022.XSHE,2020-01-07,
002953.XSHE,2020-01-07,
300315.XSHE,2020-01-07,
300773.XSHE,2020-01-07,
300647.XSHE,2020-01-07,
600897.XSHG,2020-01-07,
002668.XSHE,2020-01-07,
000589.XSHE,2020-01-07,
000591.XSHE,2020-01-07,
002507.XSHE,2020-01-07,
002942.XSHE,2020-01-07,
300662.XSHE,2020-01-07,
002809.XSHE,2020-01-07,
603638.XSHG,2020-01-07,
000682.XSHE,2020-01-07,
600606.XSHG,2020-01-07,
600960.XSHG,2020-01-07,
002686.XSHE,2020-01-07,
002765.XSHE,2020-01-07,
600976.XSHG,2020-01-07,
600527.XSHG,2020-01-07,
000880.XSHE,2020-01-07,
600857.XSHG,2020-01-07,
000402.XSHE,2020-01-07,
000848.XSHE,2020-01-07,
603767.XSHG,2020-01-07,
603088.XSHG,2020-01-07,
603300.XSHG,2020-01-07,
002368.XSHE,2020-01-07,
600498.XSHG,2020-01-07,
000593.XSHE,2020-01-07,
688123.XSHG,2020-01-07,
000967.XSHE,2020-01-07,
000572.XSHE,2020-01-07,
300481.XSHE,2020-01-07,
002245.XSHE,2020-01-07,
002583.XSHE,2020-01-07,
000859.XSHE,2020-01-07,
002117.XSHE,2020-01-07,
300795.XSHE,2020-01-07,
600226.XSHG,2020-01-07,
002029.XSHE,2020-01-07,
300572.XSHE,2020-01-07,
000517.XSHE,2020-01-07,
002642.XSHE,2020-01-07,
300595.XSHE,2020-01-07,
603042.XSHG,2020-01-07,
603330.XSHG,2020-01-07,
002886.XSHE,2020-01-07,
300679.XSHE,2020-01-07,
300234.XSHE,2020-01-07,
600370.XSHG,2020-01-07,
601998.XSHG,2020-01-07,
002756.XSHE,2020-01-07,
600555.XSHG,2020-01-07,
600171.XSHG,2020-01-07,
603990.XSHG,2020-01-07,
300128.XSHE,2020-01-07,
600233.XSHG,2020-01-07,
600081.XSHG,2020-01-07,
000628.XSHE,2020-01-07,
600908.XSHG,2020-01-07,
300269.XSHE,2020-01-07,
601177.XSHG,2020-01-07,
603626.XSHG,2020-01-07,
002330.XSHE,2020-01-07,
300412.XSHE,2020-01-07,
002472.XSHE,2020-01-07,
603879.XSHG,2020-01-07,
603829.XSHG,2020-01-07,
600775.XSHG,2020-01-07,
600998.XSHG,2020-01-07,
300304.XSHE,2020-01-07,
000555.XSHE,2020-01-07,
000678.XSHE,2020-01-07,
000066.XSHE,2020-01-07,
600511.XSHG,2020-01-07,
002252.XSHE,2020-01-07,
600837.XSHG,2020-01-07,
603866.XSHG,2020-01-07,
600855.XSHG,2020-01-07,
000626.XSHE,2020-01-07,
603608.XSHG,2020-01-07,
603096.XSHG,2020-01-07,
003816.XSHE,2020-01-07,
600734.XSHG,2020-01-07,
002340.XSHE,2020-01-07,
603055.XSHG,2020-01-07,
300650.XSHE,2020-01-07,
603318.XSHG,2020-01-07,
600231.XSHG,2020-01-07,
603718.XSHG,2020-01-07,
600307.XSHG,2020-01-07,
000584.XSHE,2020-01-07,
000428.XSHE,2020-01-07,
300127.XSHE,2020-01-07,
600874.XSHG,2020-01-07,
603378.XSHG,2020-01-07,
000790.XSHE,2020-01-07,
000088.XSHE,2020-01-07,
603183.XSHG,2020-01-07,
603867.XSHG,2020-01-07,
600805.XSHG,2020-01-07,
300169.XSHE,2020-01-07,
300424.XSHE,2020-01-07,
002591.XSHE,2020-01-07,
300685.XSHE,2020-01-07,
000151.XSHE,2020-01-07,
000521.XSHE,2020-01-07,
603690.XSHG,2020-01-07,
002666.XSHE,2020-01-07,
002643.XSHE,2020-01-07,
600576.XSHG,2020-01-07,
603881.XSHG,2020-01-07,
002331.XSHE,2020-01-07,
603938.XSHG,2020-01-07,
600710.XSHG,2020-01-07,
300080.XSHE,2020-01-07,
601636.XSHG,2020-01-07,
600594.XSHG,2020-01-07,
603027.XSHG,2020-01-07,
688016.XSHG,2020-01-07,
000930.XSHE,2020-01-07,
002654.XSHE,2020-01-07,
600094.XSHG,2020-01-07,
300787.XSHE,2020-01-07,
603317.XSHG,2020-01-07,
300211.XSHE,2020-01-07,
002911.XSHE,2020-01-07,
300316.XSHE,2020-01-07,
002352.XSHE,2020-01-07,
002269.XSHE,2020-01-07,
002531.XSHE,2020-01-07,
002004.XSHE,2020-01-07,
600593.XSHG,2020-01-07,
600238.XSHG,2020-01-07,
300115.XSHE,2020-01-07,
300240.XSHE,2020-01-07,
002006.XSHE,2020-01-07,
300394.XSHE,2020-01-07,
600229.XSHG,2020-01-07,
001979.XSHE,2020-01-07,
002596.XSHE,2020-01-07,
300692.XSHE,2020-01-07,
603309.XSHG,2020-01-07,
603083.XSHG,2020-01-07,
688006.XSHG,2020-01-07,
300790.XSHE,2020-01-07,
300447.XSHE,2020-01-07,
002155.XSHE,2020-01-07,
300559.XSHE,2020-01-07,
000032.XSHE,2020-01-07,
600207.XSHG,2020-01-07,
002077.XSHE,2020-01-07,
600854.XSHG,2020-01-07,
000911.XSHE,2020-01-07,
002927.XSHE,2020-01-07,
600160.XSHG,2020-01-07,
300158.XSHE,2020-01-07,
002359.XSHE,2020-01-07,
600282.XSHG,2020-01-07,
600127.XSHG,2020-01-07,
000498.XSHE,2020-01-07,
600979.XSHG,2020-01-07,
603615.XSHG,2020-01-07,
603020.XSHG,2020-01-07,
002782.XSHE,2020-01-07,
002530.XSHE,2020-01-07,
300013.XSHE,2020-01-07,
688009.XSHG,2020-01-07,
600305.XSHG,2020-01-07,
002767.XSHE,2020-01-07,
002919.XSHE,2020-01-07,
300480.XSHE,2020-01-07,
600007.XSHG,2020-01-07,
600112.XSHG,2020-01-07,
603106.XSHG,2020-01-07,
002798.XSHE,2020-01-07,
603538.XSHG,2020-01-07,
000990.XSHE,2020-01-07,
688022.XSHG,2020-01-07,
002378.XSHE,2020-01-07,
601766.XSHG,2020-01-07,
688003.XSHG,2020-01-07,
688198.XSHG,2020-01-07,
002426.XSHE,2020-01-07,
603648.XSHG,2020-01-07,
002095.XSHE,2020-01-07,
000587.XSHE,2020-01-07,
002193.XSHE,2020-01-07,
000819.XSHE,2020-01-07,
300546.XSHE,2020-01-07,
000039.XSHE,2020-01-07,
300786.XSHE,2020-01-07,
603618.XSHG,2020-01-07,
002017.XSHE,2020-01-07,
688029.XSHG,2020-01-07,
600717.XSHG,2020-01-07,
600107.XSHG,2020-01-07,
002712.XSHE,2020-01-07,
603663.XSHG,2020-01-07,
300645.XSHE,2020-01-07,
600823.XSHG,2020-01-07,
000935.XSHE,2020-01-07,
000885.XSHE,2020-01-07,
600423.XSHG,2020-01-07,
603693.XSHG,2020-01-07,
300294.XSHE,2020-01-07,
300344.XSHE,2020-01-07,
002810.XSHE,2020-01-07,
002727.XSHE,2020-01-07,
002369.XSHE,2020-01-07,
300176.XSHE,2020-01-07,
000666.XSHE,2020-01-07,
603393.XSHG,2020-01-07,
600718.XSHG,2020-01-07,
600581.XSHG,2020-01-07,
600139.XSHG,2020-01-07,
300729.XSHE,2020-01-07,
600055.XSHG,2020-01-07,
002598.XSHE,2020-01-07,
300809.XSHE,2020-01-07,
600436.XSHG,2020-01-07,
300289.XSHE,2020-01-07,
300268.XSHE,2020-01-07,
603808.XSHG,2020-01-07,
601808.XSHG,2020-01-07,
600255.XSHG,2020-01-07,
300583.XSHE,2020-01-07,
603970.XSHG,2020-01-07,
603789.XSHG,2020-01-07,
002248.XSHE,2020-01-07,
300517.XSHE,2020-01-07,
603099.XSHG,2020-01-07,
603016.XSHG,2020-01-07,
600522.XSHG,2020-01-07,
300356.XSHE,2020-01-07,
000756.XSHE,2020-01-07,
002054.XSHE,2020-01-07,
002556.XSHE,2020-01-07,
600715.XSHG,2020-01-07,
002223.XSHE,2020-01-07,
002406.XSHE,2020-01-07,
600348.XSHG,2020-01-07,
600196.XSHG,2020-01-07,
603898.XSHG,2020-01-07,
603619.XSHG,2020-01-07,
000922.XSHE,2020-01-07,
603136.XSHG,2020-01-07,
603186.XSHG,2020-01-07,
002142.XSHE,2020-01-07,
600622.XSHG,2020-01-07,
002503.XSHE,2020-01-07,
002011.XSHE,2020-01-07,
300399.XSHE,2020-01-07,
000735.XSHE,2020-01-07,
600477.XSHG,2020-01-07,
300725.XSHE,2020-01-07,
002374.XSHE,2020-01-07,
002208.XSHE,2020-01-07,
300682.XSHE,2020-01-07,
603979.XSHG,2020-01-07,
300355.XSHE,2020-01-07,
002922.XSHE,2020-01-07,
603869.XSHG,2020-01-07,
002037.XSHE,2020-01-07,
300167.XSHE,2020-01-07,
300529.XSHE,2020-01-07,
600444.XSHG,2020-01-07,
600302.XSHG,2020-01-07,
300134.XSHE,2020-01-07,
002595.XSHE,2020-01-07,
300202.XSHE,2020-01-07,
600526.XSHG,2020-01-07,
600876.XSHG,2020-01-07,
002317.XSHE,2020-01-07,
603279.XSHG,2020-01-07,
600804.XSHG,2020-01-07,
000605.XSHE,2020-01-07,
002394.XSHE,2020-01-07,
601211.XSHG,2020-01-07,
600021.XSHG,2020-01-07,
300379.XSHE,2020-01-07,
000913.XSHE,2020-01-07,
002417.XSHE,2020-01-07,
600571.XSHG,2020-01-07,
300402.XSHE,2020-01-07,
600490.XSHG,2020-01-07,
002124.XSHE,2020-01-07,
002133.XSHE,2020-01-07,
002702.XSHE,2020-01-07,
000008.XSHE,2020-01-07,
300184.XSHE,2020-01-07,
000800.XSHE,2020-01-07,
600230.XSHG,2020-01-07,
000760.XSHE,2020-01-07,
002872.XSHE,2020-01-07,
000567.XSHE,2020-01-07,
601058.XSHG,2020-01-07,
300434.XSHE,2020-01-07,
603936.XSHG,2020-01-07,
600241.XSHG,2020-01-07,
300332.XSHE,2020-01-07,
000600.XSHE,2020-01-07,
600488.XSHG,2020-01-07,
603997.XSHG,2020-01-07,
603989.XSHG,2020-01-07,
300229.XSHE,2020-01-07,
000711.XSHE,2020-01-07,
601005.XSHG,2020-01-07,
002466.XSHE,2020-01-07,
600530.XSHG,2020-01-07,
002241.XSHE,2020-01-07,
000938.XSHE,2020-01-07,
002539.XSHE,2020-01-07,
600336.XSHG,2020-01-07,
000509.XSHE,2020-01-07,
600415.XSHG,2020-01-07,
601369.XSHG,2020-01-07,
601929.XSHG,2020-01-07,
601968.XSHG,2020-01-07,
603788.XSHG,2020-01-07,
300147.XSHE,2020-01-07,
300789.XSHE,2020-01-07,
601011.XSHG,2020-01-07,
600658.XSHG,2020-01-07,
300422.XSHE,2020-01-07,
600586.XSHG,2020-01-07,
002777.XSHE,2020-01-07,
600467.XSHG,2020-01-07,
002071.XSHE,2020-01-07,
000917.XSHE,2020-01-07,
002103.XSHE,2020-01-07,
002926.XSHE,2020-01-07,
300287.XSHE,2020-01-07,
300295.XSHE,2020-01-07,
002431.XSHE,2020-01-07,
002360.XSHE,2020-01-07,
600577.XSHG,2020-01-07,
603260.XSHG,2020-01-07,
600845.XSHG,2020-01-07,
002602.XSHE,2020-01-07,
300805.XSHE,2020-01-07,
603189.XSHG,2020-01-07,
300426.XSHE,2020-01-07,
603900.XSHG,2020-01-07,
601098.XSHG,2020-01-07,
000782.XSHE,2020-01-07,
600272.XSHG,2020-01-07,
300288.XSHE,2020-01-07,
000950.XSHE,2020-01-07,
002237.XSHE,2020-01-07,
300442.XSHE,2020-01-07,
300759.XSHE,2020-01-07,
300683.XSHE,2020-01-07,
603508.XSHG,2020-01-07,
601228.XSHG,2020-01-07,
300360.XSHE,2020-01-07,
300737.XSHE,2020-01-07,
601555.XSHG,2020-01-07,
603101.XSHG,2020-01-07,
002951.XSHE,2020-01-07,
300607.XSHE,2020-01-07,
002408.XSHE,2020-01-07,
601077.XSHG,2020-01-07,
300649.XSHE,2020-01-07,
000717.XSHE,2020-01-07,
600579.XSHG,2020-01-07,
600966.XSHG,2020-01-07,
600628.XSHG,2020-01-07,
002273.XSHE,2020-01-07,
300509.XSHE,2020-01-07,
600629.XSHG,2020-01-07,
300048.XSHE,2020-01-07,
002638.XSHE,2020-01-07,
600826.XSHG,2020-01-07,
002196.XSHE,2020-01-07,
300768.XSHE,2020-01-07,
300588.XSHE,2020-01-07,
600297.XSHG,2020-01-07,
600846.XSHG,2020-01-07,
002795.XSHE,2020-01-07,
300612.XSHE,2020-01-07,
002282.XSHE,2020-01-07,
002432.XSHE,2020-01-07,
600746.XSHG,2020-01-07,
300105.XSHE,2020-01-07,
600392.XSHG,2020-01-07,
300005.XSHE,2020-01-07,
688128.XSHG,2020-01-07,
000007.XSHE,2020-01-07,
600898.XSHG,2020-01-07,
603339.XSHG,2020-01-07,
600761.XSHG,2020-01-07,
002921.XSHE,2020-01-07,
002616.XSHE,2020-01-07,
603023.XSHG,2020-01-07,
300484.XSHE,2020-01-07,
600386.XSHG,2020-01-07,
603160.XSHG,2020-01-07,
002104.XSHE,2020-01-07,
000021.XSHE,2020-01-07,
601002.XSHG,2020-01-07,
601155.XSHG,2020-01-07,
002947.XSHE,2020-01-07,
002576.XSHE,2020-01-07,
300243.XSHE,2020-01-07,
300632.XSHE,2020-01-07,
300561.XSHE,2020-01-07,
300513.XSHE,2020-01-07,
601258.XSHG,2020-01-07,
002493.XSHE,2020-01-07,
603876.XSHG,2020-01-07,
688357.XSHG,2020-01-07,
300125.XSHE,2020-01-07,
002288.XSHE,2020-01-07,
603895.XSHG,2020-01-07,
002637.XSHE,2020-01-07,
600506.XSHG,2020-01-07,
000966.XSHE,2020-01-07,
600732.XSHG,2020-01-07,
300568.XSHE,2020-01-07,
600252.XSHG,2020-01-07,
002462.XSHE,2020-01-07,
600643.XSHG,2020-01-07,
300542.XSHE,2020-01-07,
002688.XSHE,2020-01-07,
002841.XSHE,2020-01-07,
600818.XSHG,2020-01-07,
600069.XSHG,2020-01-07,
300009.XSHE,2020-01-07,
300743.XSHE,2020-01-07,
601168.XSHG,2020-01-07,
002366.XSHE,2020-01-07,
601677.XSHG,2020-01-07,
000581.XSHE,2020-01-07,
300419.XSHE,2020-01-07,
603214.XSHG,2020-01-07,
002950.XSHE,2020-01-07,
300375.XSHE,2020-01-07,
600429.XSHG,2020-01-07,
603698.XSHG,2020-01-07,
603685.XSHG,2020-01-07,
601727.XSHG,2020-01-07,
000633.XSHE,2020-01-07,
002632.XSHE,2020-01-07,
300695.XSHE,2020-01-07,
000732.XSHE,2020-01-07,
000540.XSHE,2020-01-07,
603920.XSHG,2020-01-07,
300653.XSHE,2020-01-07,
600769.XSHG,2020-01-07,
000803.XSHE,2020-01-07,
300600.XSHE,2020-01-07,
002373.XSHE,2020-01-07,
600909.XSHG,2020-01-07,
300483.XSHE,2020-01-07,
603288.XSHG,2020-01-07,
002167.XSHE,2020-01-07,
000630.XSHE,2020-01-07,
603650.XSHG,2020-01-07,
300654.XSHE,2020-01-07,
600278.XSHG,2020-01-07,
300631.XSHE,2020-01-07,
002033.XSHE,2020-01-07,
300190.XSHE,2020-01-07,
300553.XSHE,2020-01-07,
600609.XSHG,2020-01-07,
002773.XSHE,2020-01-07,
601108.XSHG,2020-01-07,
002161.XSHE,2020-01-07,
603567.XSHG,2020-01-07,
300752.XSHE,2020-01-07,
600776.XSHG,2020-01-07,
603286.XSHG,2020-01-07,
600118.XSHG,2020-01-07,
002030.XSHE,2020-01-07,
600983.XSHG,2020-01-07,
300369.XSHE,2020-01-07,
002812.XSHE,2020-01-07,
000068.XSHE,2020-01-07,
603311.XSHG,2020-01-07,
600540.XSHG,2020-01-07,
601577.XSHG,2020-01-07,
601865.XSHG,2020-01-07,
002325.XSHE,2020-01-07,
600978.XSHG,2020-01-07,
000957.XSHE,2020-01-07,
600031.XSHG,2020-01-07,
300753.XSHE,2020-01-07,
601199.XSHG,2020-01-07,
300782.XSHE,2020-01-07,
002837.XSHE,2020-01-07,
300325.XSHE,2020-01-07,
600303.XSHG,2020-01-07,
600977.XSHG,2020-01-07,
002447.XSHE,2020-01-07,
603133.XSHG,2020-01-07,
000422.XSHE,2020-01-07,
600873.XSHG,2020-01-07,
002486.XSHE,2020-01-07,
600390.XSHG,2020-01-07,
002296.XSHE,2020-01-07,
603716.XSHG,2020-01-07,
603516.XSHG,2020-01-07,
002287.XSHE,2020-01-07,
603301.XSHG,2020-01-07,
000687.XSHE,2020-01-07,
300059.XSHE,2020-01-07,
300675.XSHE,2020-01-07,
300576.XSHE,2020-01-07,
000821.XSHE,2020-01-07,
603488.XSHG,2020-01-07,
600435.XSHG,2020-01-07,
600275.XSHG,2020-01-07,
600277.XSHG,2020-01-07,
000970.XSHE,2020-01-07,
600648.XSHG,2020-01-07,
002096.XSHE,2020-01-07,
603168.XSHG,2020-01-07,
688111.XSHG,2020-01-07,
300351.XSHE,2020-01-07,
601818.XSHG,2020-01-07,
688122.XSHG,2020-01-07,
603192.XSHG,2020-01-07,
002528.XSHE,2020-01-07,
300208.XSHE,2020-01-07,
601588.XSHG,2020-01-07,
600155.XSHG,2020-01-07,
300312.XSHE,2020-01-07,
300459.XSHE,2020-01-07,
000909.XSHE,2020-01-07,
600170.XSHG,2020-01-07,
300570.XSHE,2020-01-07,
300100.XSHE,2020-01-07,
002745.XSHE,2020-01-07,
688196.XSHG,2020-01-07,
300187.XSHE,2020-01-07,
603081.XSHG,2020-01-07,
002899.XSHE,2020-01-07,
600212.XSHG,2020-01-07,
600346.XSHG,2020-01-07,
600693.XSHG,2020-01-07,
600695.XSHG,2020-01-07,
603700.XSHG,2020-01-07,
603610.XSHG,2020-01-07,
603035.XSHG,2020-01-07,
000893.XSHE,2020-01-07,
002048.XSHE,2020-01-07,
600723.XSHG,2020-01-07,
300699.XSHE,2020-01-07,
000826.XSHE,2020-01-07,
000710.XSHE,2020-01-07,
600770.XSHG,2020-01-07,
300045.XSHE,2020-01-07,
603326.XSHG,2020-01-07,
002651.XSHE,2020-01-07,
600807.XSHG,2020-01-07,
300155.XSHE,2020-01-07,
688268.XSHG,2020-01-07,
002955.XSHE,2020-01-07,
300177.XSHE,2020-01-07,
002367.XSHE,2020-01-07,
000823.XSHE,2020-01-07,
300201.XSHE,2020-01-07,
300027.XSHE,2020-01-07,
002256.XSHE,2020-01-07,
002878.XSHE,2020-01-07,
002708.XSHE,2020-01-07,
002435.XSHE,2020-01-07,
300131.XSHE,2020-01-07,
000607.XSHE,2020-01-07,
000738.XSHE,2020-01-07,
002236.XSHE,2020-01-07,
603038.XSHG,2020-01-07,
600373.XSHG,2020-01-07,
002229.XSHE,2020-01-07,
002770.XSHE,2020-01-07,
603919.XSHG,2020-01-07,
000820.XSHE,2020-01-07,
000620.XSHE,2020-01-07,
600814.XSHG,2020-01-07,
688288.XSHG,2020-01-07,
000919.XSHE,2020-01-07,
600332.XSHG,2020-01-07,
600997.XSHG,2020-01-07,
002189.XSHE,2020-01-07,
300409.XSHE,2020-01-07,
600148.XSHG,2020-01-07,
300429.XSHE,2020-01-07,
600198.XSHG,2020-01-07,
600662.XSHG,2020-01-07,
000612.XSHE,2020-01-07,
300277.XSHE,2020-01-07,
600468.XSHG,2020-01-07,
002570.XSHE,2020-01-07,
002062.XSHE,2020-01-07,
300309.XSHE,2020-01-07,
300475.XSHE,2020-01-07,
600063.XSHG,2020-01-07,
600146.XSHG,2020-01-07,
300069.XSHE,2020-01-07,
300354.XSHE,2020-01-07,
600663.XSHG,2020-01-07,
002743.XSHE,2020-01-07,
300456.XSHE,2020-01-07,
600779.XSHG,2020-01-07,
002039.XSHE,2020-01-07,
002458.XSHE,2020-01-07,
300785.XSHE,2020-01-07,
603010.XSHG,2020-01-07,
600213.XSHG,2020-01-07,
600743.XSHG,2020-01-07,
002972.XSHE,2020-01-07,
000677.XSHE,2020-01-07,
600023.XSHG,2020-01-07,
603222.XSHG,2020-01-07,
300566.XSHE,2020-01-07,
300780.XSHE,2020-01-07,
002234.XSHE,2020-01-07,
002397.XSHE,2020-01-07,
300382.XSHE,2020-01-07,
002624.XSHE,2020-01-07,
002866.XSHE,2020-01-07,
002487.XSHE,2020-01-07,
600410.XSHG,2020-01-07,
300284.XSHE,2020-01-07,
002227.XSHE,2020-01-07,
000923.XSHE,2020-01-07,
002402.XSHE,2020-01-07,
601333.XSHG,2020-01-07,
002634.XSHE,2020-01-07,
002081.XSHE,2020-01-07,
688188.XSHG,2020-01-07,
002781.XSHE,2020-01-07,
600289.XSHG,2020-01-07,
600388.XSHG,2020-01-07,
002805.XSHE,2020-01-07,
300530.XSHE,2020-01-07,
300590.XSHE,2020-01-07,
002859.XSHE,2020-01-07,
300303.XSHE,2020-01-07,
600062.XSHG,2020-01-07,
000023.XSHE,2020-01-07,
300002.XSHE,2020-01-07,
300548.XSHE,2020-01-07,
002123.XSHE,2020-01-07,
002831.XSHE,2020-01-07,
600225.XSHG,2020-01-07,
002179.XSHE,2020-01-07,
600749.XSHG,2020-01-07,
603037.XSHG,2020-01-07,
600741.XSHG,2020-01-07,
002396.XSHE,2020-01-07,
603178.XSHG,2020-01-07,
000005.XSHE,2020-01-07,
002667.XSHE,2020-01-07,
300446.XSHE,2020-01-07,
002264.XSHE,2020-01-07,
601117.XSHG,2020-01-07,
002425.XSHE,2020-01-07,
600110.XSHG,2020-01-07,
600550.XSHG,2020-01-07,
600637.XSHG,2020-01-07,
300584.XSHE,2020-01-07,
600292.XSHG,2020-01-07,
002763.XSHE,2020-01-07,
002496.XSHE,2020-01-07,
300439.XSHE,2020-01-07,
002857.XSHE,2020-01-07,
600853.XSHG,2020-01-07,
601390.XSHG,2020-01-07,
000707.XSHE,2020-01-07,
000010.XSHE,2020-01-07,
600482.XSHG,2020-01-07,
000541.XSHE,2020-01-07,
300348.XSHE,2020-01-07,
000692.XSHE,2020-01-07,
002522.XSHE,2020-01-07,
002567.XSHE,2020-01-07,
300142.XSHE,2020-01-07,
300327.XSHE,2020-01-07,
603456.XSHG,2020-01-07,
600476.XSHG,2020-01-07,
300120.XSHE,2020-01-07,
600136.XSHG,2020-01-07,
002772.XSHE,2020-01-07,
603268.XSHG,2020-01-07,
002191.XSHE,2020-01-07,
603703.XSHG,2020-01-07,
688058.XSHG,2020-01-07,
300227.XSHE,2020-01-07,
300757.XSHE,2020-01-07,
601878.XSHG,2020-01-07,
688363.XSHG,2020-01-07,
603696.XSHG,2020-01-07,
000430.XSHE,2020-01-07,
300625.XSHE,2020-01-07,
600896.XSHG,2020-01-07,
300148.XSHE,2020-01-07,
600259.XSHG,2020-01-07,
300521.XSHE,2020-01-07,
603128.XSHG,2020-01-07,
300215.XSHE,2020-01-07,
300143.XSHE,2020-01-07,
002647.XSHE,2020-01-07,
002695.XSHE,2020-01-07,
600116.XSHG,2020-01-07,
300661.XSHE,2020-01-07,
000836.XSHE,2020-01-07,
300457.XSHE,2020-01-07,
600138.XSHG,2020-01-07,
601368.XSHG,2020-01-07,
300330.XSHE,2020-01-07,
000401.XSHE,2020-01-07,
000928.XSHE,2020-01-07,
600360.XSHG,2020-01-07,
000585.XSHE,2020-01-07,
300621.XSHE,2020-01-07,
000702.XSHE,2020-01-07,
600901.XSHG,2020-01-07,
600557.XSHG,2020-01-07,
600326.XSHG,2020-01-07,
002445.XSHE,2020-01-07,
603515.XSHG,2020-01-07,
600177.XSHG,2020-01-07,
603922.XSHG,2020-01-07,
300343.XSHE,2020-01-07,
300433.XSHE,2020-01-07,
600446.XSHG,2020-01-07,
600481.XSHG,2020-01-07,
600113.XSHG,2020-01-07,
601019.XSHG,2020-01-07,
002412.XSHE,2020-01-07,
002699.XSHE,2020-01-07,
002456.XSHE,2020-01-07,
300233.XSHE,2020-01-07,
002401.XSHE,2020-01-07,
600867.XSHG,2020-01-07,
603729.XSHG,2020-01-07,
300119.XSHE,2020-01-07,
600109.XSHG,2020-01-07,
688018.XSHG,2020-01-07,
300089.XSHE,2020-01-07,
002180.XSHE,2020-01-07,
601958.XSHG,2020-01-07,
002721.XSHE,2020-01-07,
603579.XSHG,2020-01-07,
603687.XSHG,2020-01-07,
603113.XSHG,2020-01-07,
601375.XSHG,2020-01-07,
601388.XSHG,2020-01-07,
002550.XSHE,2020-01-07,
600135.XSHG,2020-01-07,
600884.XSHG,2020-01-07,
603818.XSHG,2020-01-07,
603111.XSHG,2020-01-07,
002952.XSHE,2020-01-07,
600684.XSHG,2020-01-07,
600729.XSHG,2020-01-07,
002069.XSHE,2020-01-07,
601877.XSHG,2020-01-07,
603319.XSHG,2020-01-07,
000668.XSHE,2020-01-07,
601169.XSHG,2020-01-07,
300049.XSHE,2020-01-07,
000505.XSHE,2020-01-07,
600803.XSHG,2020-01-07,
300545.XSHE,2020-01-07,
603039.XSHG,2020-01-07,
601608.XSHG,2020-01-07,
002320.XSHE,2020-01-07,
002089.XSHE,2020-01-07,
002548.XSHE,2020-01-07,
002485.XSHE,2020-01-07,
000156.XSHE,2020-01-07,
300357.XSHE,2020-01-07,
300078.XSHE,2020-01-07,
002760.XSHE,2020-01-07,
600483.XSHG,2020-01-07,
300671.XSHE,2020-01-07,
300501.XSHE,2020-01-07,
002066.XSHE,2020-01-07,
300502.XSHE,2020-01-07,
002150.XSHE,2020-01-07,
600653.XSHG,2020-01-07,
300720.XSHE,2020-01-07,
300673.XSHE,2020-01-07,
600753.XSHG,2020-01-07,
601360.XSHG,2020-01-07,
600822.XSHG,2020-01-07,
300139.XSHE,2020-01-07,
002156.XSHE,2020-01-07,
300281.XSHE,2020-01-07,
600100.XSHG,2020-01-07,
603123.XSHG,2020-01-07,
002218.XSHE,2020-01-07,
600117.XSHG,2020-01-07,
600141.XSHG,2020-01-07,
603908.XSHG,2020-01-07,
002625.XSHE,2020-01-07,
002913.XSHE,2020-01-07,
601985.XSHG,2020-01-07,
000716.XSHE,2020-01-07,
002057.XSHE,2020-01-07,
600461.XSHG,2020-01-07,
688021.XSHG,2020-01-07,
600836.XSHG,2020-01-07,
000426.XSHE,2020-01-07,
300337.XSHE,2020-01-07,
600104.XSHG,2020-01-07,
002151.XSHE,2020-01-07,
603121.XSHG,2020-01-07,
002204.XSHE,2020-01-07,
002389.XSHE,2020-01-07,
000566.XSHE,2020-01-07,
603308.XSHG,2020-01-07,
002137.XSHE,2020-01-07,
603477.XSHG,2020-01-07,
000544.XSHE,2020-01-07,
002719.XSHE,2020-01-07,
002842.XSHE,2020-01-07,
600936.XSHG,2020-01-07,
000831.XSHE,2020-01-07,
300436.XSHE,2020-01-07,
002045.XSHE,2020-01-07,
603029.XSHG,2020-01-07,
000791.XSHE,2020-01-07,
603063.XSHG,2020-01-07,
002094.XSHE,2020-01-07,
300170.XSHE,2020-01-07,
002126.XSHE,2020-01-07,
300681.XSHE,2020-01-07,
002075.XSHE,2020-01-07,
300111.XSHE,2020-01-07,
002388.XSHE,2020-01-07,
603897.XSHG,2020-01-07,
002454.XSHE,2020-01-07,
603956.XSHG,2020-01-07,
000882.XSHE,2020-01-07,
300329.XSHE,2020-01-07,
000616.XSHE,2020-01-07,
300491.XSHE,2020-01-07,
600968.XSHG,2020-01-07,
000700.XSHE,2020-01-07,
603918.XSHG,2020-01-07,
002294.XSHE,2020-01-07,
603357.XSHG,2020-01-07,
000856.XSHE,2020-01-07,
300765.XSHE,2020-01-07,
002222.XSHE,2020-01-07,
002653.XSHE,2020-01-07,
600377.XSHG,2020-01-07,
300485.XSHE,2020-01-07,
300730.XSHE,2020-01-07,
601886.XSHG,2020-01-07,
002482.XSHE,2020-01-07,
600383.XSHG,2020-01-07,
600794.XSHG,2020-01-07,
601163.XSHG,2020-01-07,
300194.XSHE,2020-01-07,
300660.XSHE,2020-01-07,
603017.XSHG,2020-01-07,
600247.XSHG,2020-01-07,
600981.XSHG,2020-01-07,
603110.XSHG,2020-01-07,
300099.XSHE,2020-01-07,
600774.XSHG,2020-01-07,
603927.XSHG,2020-01-07,
002246.XSHE,2020-01-07,
002739.XSHE,2020-01-07,
002381.XSHE,2020-01-07,
300721.XSHE,2020-01-07,
603868.XSHG,2020-01-07,
600841.XSHG,2020-01-07,
600512.XSHG,2020-01-07,
000543.XSHE,2020-01-07,
002329.XSHE,2020-01-07,
002883.XSHE,2020-01-07,
600153.XSHG,2020-01-07,
300623.XSHE,2020-01-07,
600903.XSHG,2020-01-07,
300579.XSHE,2020-01-07,
300204.XSHE,2020-01-07,
688333.XSHG,2020-01-07,
300469.XSHE,2020-01-07,
600724.XSHG,2020-01-07,
002231.XSHE,2020-01-07,
002725.XSHE,2020-01-07,
603269.XSHG,2020-01-07,
600519.XSHG,2020-01-07,
002707.XSHE,2020-01-07,
601880.XSHG,2020-01-07,
600795.XSHG,2020-01-07,
601615.XSHG,2020-01-07,
000887.XSHE,2020-01-07,
002888.XSHE,2020-01-07,
300290.XSHE,2020-01-07,
600216.XSHG,2020-01-07,
600157.XSHG,2020-01-07,
300811.XSHE,2020-01-07,
600121.XSHG,2020-01-07,
603588.XSHG,2020-01-07,
300767.XSHE,2020-01-07,
603238.XSHG,2020-01-07,
002918.XSHE,2020-01-07,
002796.XSHE,2020-01-07,
002807.XSHE,2020-01-07,
603882.XSHG,2020-01-07,
300417.XSHE,2020-01-07,
601975.XSHG,2020-01-07,
000550.XSHE,2020-01-07,
600518.XSHG,2020-01-07,
300081.XSHE,2020-01-07,
300503.XSHE,2020-01-07,
300518.XSHE,2020-01-07,
600740.XSHG,2020-01-07,
300418.XSHE,2020-01-07,
002361.XSHE,2020-01-07,
600243.XSHG,2020-01-07,
600098.XSHG,2020-01-07,
600962.XSHG,2020-01-07,
600640.XSHG,2020-01-07,
002020.XSHE,2020-01-07,
300116.XSHE,2020-01-07,
300499.XSHE,2020-01-07,
300687.XSHE,2020-01-07,
000017.XSHE,2020-01-07,
603885.XSHG,2020-01-07,
002441.XSHE,2020-01-07,
300706.XSHE,2020-01-07,
000908.XSHE,2020-01-07,
600726.XSHG,2020-01-07,
600057.XSHG,2020-01-07,
002319.XSHE,2020-01-07,
300056.XSHE,2020-01-07,
000708.XSHE,2020-01-07,
000881.XSHE,2020-01-07,
601669.XSHG,2020-01-07,
002905.XSHE,2020-01-07,
002113.XSHE,2020-01-07,
603986.XSHG,2020-01-07,
603335.XSHG,2020-01-07,
002314.XSHE,2020-01-07,
002430.XSHE,2020-01-07,
600028.XSHG,2020-01-07,
002023.XSHE,2020-01-07,
600736.XSHG,2020-01-07,
002565.XSHE,2020-01-07,
600690.XSHG,2020-01-07,
601601.XSHG,2020-01-07,
002420.XSHE,2020-01-07,
603899.XSHG,2020-01-07,
600335.XSHG,2020-01-07,
300266.XSHE,2020-01-07,
300257.XSHE,2020-01-07,
300458.XSHE,2020-01-07,
601186.XSHG,2020-01-07,
601139.XSHG,2020-01-07,
300336.XSHE,2020-01-07,
000046.XSHE,2020-01-07,
603557.XSHG,2020-01-07,
300118.XSHE,2020-01-07,
002609.XSHE,2020-01-07,
600675.XSHG,2020-01-07,
002701.XSHE,2020-01-07,
300643.XSHE,2020-01-07,
603333.XSHG,2020-01-07,
000100.XSHE,2020-01-07,
002828.XSHE,2020-01-07,
000729.XSHE,2020-01-07,
300070.XSHE,2020-01-07,
002648.XSHE,2020-01-07,
002116.XSHE,2020-01-07,
601162.XSHG,2020-01-07,
603980.XSHG,2020-01-07,
002698.XSHE,2020-01-07,
300077.XSHE,2020-01-07,
300609.XSHE,2020-01-07,
000059.XSHE,2020-01-07,
002130.XSHE,2020-01-07,
300252.XSHE,2020-01-07,
603486.XSHG,2020-01-07,
603817.XSHG,2020-01-07,
688015.XSHG,2020-01-07,
601188.XSHG,2020-01-07,
600071.XSHG,2020-01-07,
002949.XSHE,2020-01-07,
300538.XSHE,2020-01-07,
000608.XSHE,2020-01-07,
002628.XSHE,2020-01-07,
603686.XSHG,2020-01-07,
603356.XSHG,2020-01-07,
300766.XSHE,2020-01-07,
601788.XSHG,2020-01-07,
002959.XSHE,2020-01-07,
603823.XSHG,2020-01-07,
600372.XSHG,2020-01-07,
300157.XSHE,2020-01-07,
600900.XSHG,2020-01-07,
002038.XSHE,2020-01-07,
300075.XSHE,2020-01-07,
603223.XSHG,2020-01-07,
002067.XSHE,2020-01-07,
002524.XSHE,2020-01-07,
002793.XSHE,2020-01-07,
300004.XSHE,2020-01-07,
600881.XSHG,2020-01-07,
600816.XSHG,2020-01-07,
300345.XSHE,2020-01-07,
600202.XSHG,2020-01-07,
002785.XSHE,2020-01-07,
600848.XSHG,2020-01-07,
002534.XSHE,2020-01-07,
603499.XSHG,2020-01-07,
002752.XSHE,2020-01-07,
603838.XSHG,2020-01-07,
300637.XSHE,2020-01-07,
300019.XSHE,2020-01-07,
300163.XSHE,2020-01-07,
603667.XSHG,2020-01-07,
603977.XSHG,2020-01-07,
601137.XSHG,2020-01-07,
601611.XSHG,2020-01-07,
002301.XSHE,2020-01-07,
300592.XSHE,2020-01-07,
603596.XSHG,2020-01-07,
002298.XSHE,2020-01-07,
000597.XSHE,2020-01-07,
300640.XSHE,2020-01-07,
300066.XSHE,2020-01-07,
300178.XSHE,2020-01-07,
002780.XSHE,2020-01-07,
002032.XSHE,2020-01-07,
300231.XSHE,2020-01-07,
603496.XSHG,2020-01-07,
601628.XSHG,2020-01-07,
000545.XSHE,2020-01-07,
000025.XSHE,2020-01-07,
600928.XSHG,2020-01-07,
002867.XSHE,2020-01-07,
002552.XSHE,2020-01-07,
000601.XSHE,2020-01-07,
000507.XSHE,2020-01-07,
000301.XSHE,2020-01-07,
600123.XSHG,2020-01-07,
601700.XSHG,2020-01-07,
002356.XSHE,2020-01-07,
002400.XSHE,2020-01-07,
002543.XSHE,2020-01-07,
002753.XSHE,2020-01-07,
600130.XSHG,2020-01-07,
002060.XSHE,2020-01-07,
002035.XSHE,2020-01-07,
300113.XSHE,2020-01-07,
600785.XSHG,2020-01-07,
600993.XSHG,2020-01-07,
603323.XSHG,2020-01-07,
601607.XSHG,2020-01-07,
603843.XSHG,2020-01-07,
300335.XSHE,2020-01-07,
600759.XSHG,2020-01-07,
000404.XSHE,2020-01-07,
603022.XSHG,2020-01-07,
600408.XSHG,2020-01-07,
000883.XSHE,2020-01-07,
002898.XSHE,2020-01-07,
603338.XSHG,2020-01-07,
002363.XSHE,2020-01-07,
002711.XSHE,2020-01-07,
002338.XSHE,2020-01-07,
600239.XSHG,2020-01-07,
002639.XSHE,2020-01-07,
601801.XSHG,2020-01-07,
002293.XSHE,2020-01-07,
300047.XSHE,2020-01-07,
600566.XSHG,2020-01-07,
600227.XSHG,2020-01-07,
000921.XSHE,2020-01-07,
600422.XSHG,2020-01-07,
300244.XSHE,2020-01-07,
300055.XSHE,2020-01-07,
603826.XSHG,2020-01-07,
002489.XSHE,2020-01-07,
603517.XSHG,2020-01-07,
600650.XSHG,2020-01-07,
600547.XSHG,2020-01-07,
600559.XSHG,2020-01-07,
300539.XSHE,2020-01-07,
300676.XSHE,2020-01-07,
002047.XSHE,2020-01-07,
600351.XSHG,2020-01-07,
002858.XSHE,2020-01-07,
000510.XSHE,2020-01-07,
600687.XSHG,2020-01-07,
002082.XSHE,2020-01-07,
000058.XSHE,2020-01-07,
601699.XSHG,2020-01-07,
000965.XSHE,2020-01-07,
002424.XSHE,2020-01-07,
600365.XSHG,2020-01-07,
600958.XSHG,2020-01-07,
000718.XSHE,2020-01-07,
002300.XSHE,2020-01-07,
002908.XSHE,2020-01-07,
603699.XSHG,2020-01-07,
002379.XSHE,2020-01-07,
688089.XSHG,2020-01-07,
300453.XSHE,2020-01-07,
002291.XSHE,2020-01-07,
600872.XSHG,2020-01-07,
300246.XSHE,2020-01-07,
600313.XSHG,2020-01-07,
300298.XSHE,2020-01-07,
300717.XSHE,2020-01-07,
300264.XSHE,2020-01-07,
002510.XSHE,2020-01-07,
600520.XSHG,2020-01-07,
300473.XSHE,2020-01-07,
002838.XSHE,2020-01-07,
002581.XSHE,2020-01-07,
300011.XSHE,2020-01-07,
603076.XSHG,2020-01-07,
000918.XSHE,2020-01-07,
601318.XSHG,2020-01-07,
600768.XSHG,2020-01-07,
002372.XSHE,2020-01-07,
000733.XSHE,2020-01-07,
002214.XSHE,2020-01-07,
000166.XSHE,2020-01-07,
002332.XSHE,2020-01-07,
002483.XSHE,2020-01-07,
601326.XSHG,2020-01-07,
600131.XSHG,2020-01-07,
600797.XSHG,2020-01-07,
300179.XSHE,2020-01-07,
000709.XSHE,2020-01-07,
002043.XSHE,2020-01-07,
002131.XSHE,2020-01-07,
600312.XSHG,2020-01-07,
000850.XSHE,2020-01-07,
002573.XSHE,2020-01-07,
300255.XSHE,2020-01-07,
600619.XSHG,2020-01-07,
603080.XSHG,2020-01-07,
600773.XSHG,2020-01-07,
002824.XSHE,2020-01-07,
688001.XSHG,2020-01-07,
300719.XSHE,2020-01-07,
300644.XSHE,2020-01-07,
002660.XSHE,2020-01-07,
000070.XSHE,2020-01-07,
002663.XSHE,2020-01-07,
603519.XSHG,2020-01-07,
603926.XSHG,2020-01-07,
000996.XSHE,2020-01-07,
002568.XSHE,2020-01-07,
002404.XSHE,2020-01-07,
002079.XSHE,2020-01-07,
603801.XSHG,2020-01-07,
600720.XSHG,2020-01-07,
300030.XSHE,2020-01-07,
000876.XSHE,2020-01-07,
002411.XSHE,2020-01-07,
601599.XSHG,2020-01-07,
600359.XSHG,2020-01-07,
002862.XSHE,2020-01-07,
300387.XSHE,2020-01-07,
000632.XSHE,2020-01-07,
002508.XSHE,2020-01-07,
000518.XSHE,2020-01-07,
603138.XSHG,2020-01-07,
600281.XSHG,2020-01-07,
600137.XSHG,2020-01-07,
000561.XSHE,2020-01-07,
000809.XSHE,2020-01-07,
600802.XSHG,2020-01-07,
300496.XSHE,2020-01-07,
300293.XSHE,2020-01-07,
000002.XSHE,2020-01-07,
300405.XSHE,2020-01-07,
300151.XSHE,2020-01-07,
600321.XSHG,2020-01-07,
002297.XSHE,2020-01-07,
000038.XSHE,2020-01-07,
300769.XSHE,2020-01-07,
000503.XSHE,2020-01-07,
002163.XSHE,2020-01-07,
600569.XSHG,2020-01-07,
600228.XSHG,2020-01-07,
600865.XSHG,2020-01-07,
002791.XSHE,2020-01-07,
600608.XSHG,2020-01-07,
603991.XSHG,2020-01-07,
002928.XSHE,2020-01-07,
002436.XSHE,2020-01-07,
601519.XSHG,2020-01-07,
000788.XSHE,2020-01-07,
603929.XSHG,2020-01-07,
000014.XSHE,2020-01-07,
002112.XSHE,2020-01-07,
603535.XSHG,2020-01-07,
002580.XSHE,2020-01-07,
600681.XSHG,2020-01-07,
600015.XSHG,2020-01-07,
300680.XSHE,2020-01-07,
600425.XSHG,2020-01-07,
002808.XSHE,2020-01-07,
600261.XSHG,2020-01-07,
603388.XSHG,2020-01-07,
000525.XSHE,2020-01-07,
002675.XSHE,2020-01-07,
300224.XSHE,2020-01-07,
300797.XSHE,2020-01-07,
300126.XSHE,2020-01-07,
300353.XSHE,2020-01-07,
300441.XSHE,2020-01-07,
600345.XSHG,2020-01-07,
600495.XSHG,2020-01-07,
601208.XSHG,2020-01-07,
603507.XSHG,2020-01-07,
601500.XSHG,2020-01-07,
688166.XSHG,2020-01-07,
002308.XSHE,2020-01-07,
002940.XSHE,2020-01-07,
300149.XSHE,2020-01-07,
601965.XSHG,2020-01-07,
002335.XSHE,2020-01-07,
601881.XSHG,2020-01-07,
600961.XSHG,2020-01-07,
601007.XSHG,2020-01-07,
600888.XSHG,2020-01-07,
300708.XSHE,2020-01-07,
300256.XSHE,2020-01-07,
600416.XSHG,2020-01-07,
000622.XSHE,2020-01-07,
002164.XSHE,2020-01-07,
603660.XSHG,2020-01-07,
300711.XSHE,2020-01-07,
601558.XSHG,2020-01-07,
002354.XSHE,2020-01-07,
600126.XSHG,2020-01-07,
300710.XSHE,2020-01-07,
300571.XSHE,2020-01-07,
000045.XSHE,2020-01-07,
002474.XSHE,2020-01-07,
002519.XSHE,2020-01-07,
600985.XSHG,2020-01-07,
002887.XSHE,2020-01-07,
600176.XSHG,2020-01-07,
300492.XSHE,2020-01-07,
002544.XSHE,2020-01-07,
600029.XSHG,2020-01-07,
603607.XSHG,2020-01-07,
600820.XSHG,2020-01-07,
002418.XSHE,2020-01-07,
002769.XSHE,2020-01-07,
300674.XSHE,2020-01-07,
002393.XSHE,2020-01-07,
603348.XSHG,2020-01-07,
000538.XSHE,2020-01-07,
600919.XSHG,2020-01-07,
002864.XSHE,2020-01-07,
300276.XSHE,2020-01-07,
600585.XSHG,2020-01-07,
600091.XSHG,2020-01-07,
002696.XSHE,2020-01-07,
000157.XSHE,2020-01-07,
601116.XSHG,2020-01-07,
000963.XSHE,2020-01-07,
300109.XSHE,2020-01-07,
300347.XSHE,2020-01-07,
002541.XSHE,2020-01-07,
600393.XSHG,2020-01-07,
600647.XSHG,2020-01-07,
600982.XSHG,2020-01-07,
603316.XSHG,2020-01-07,
002910.XSHE,2020-01-07,
002633.XSHE,2020-01-07,
000028.XSHE,2020-01-07,
000977.XSHE,2020-01-07,
002611.XSHE,2020-01-07,
688181.XSHG,2020-01-07,
603169.XSHG,2020-01-07,
000536.XSHE,2020-01-07,
300636.XSHE,2020-01-07,
300709.XSHE,2020-01-07,
300220.XSHE,2020-01-07,
600771.XSHG,2020-01-07,
000927.XSHE,2020-01-07,
688099.XSHG,2020-01-07,
603365.XSHG,2020-01-07,
300319.XSHE,2020-01-07,
300778.XSHE,2020-01-07,
600819.XSHG,2020-01-07,
300199.XSHE,2020-01-07,
603998.XSHG,2020-01-07,
688199.XSHG,2020-01-07,
300324.XSHE,2020-01-07,
300365.XSHE,2020-01-07,
600166.XSHG,2020-01-07,
600727.XSHG,2020-01-07,
002135.XSHE,2020-01-07,
603858.XSHG,2020-01-07,
600552.XSHG,2020-01-07,
601226.XSHG,2020-01-07,
300793.XSHE,2020-01-07,
600019.XSHG,2020-01-07,
002346.XSHE,2020-01-07,
002617.XSHE,2020-01-07,
600728.XSHG,2020-01-07,
002779.XSHE,2020-01-07,
002448.XSHE,2020-01-07,
603708.XSHG,2020-01-07,
300297.XSHE,2020-01-07,
300035.XSHE,2020-01-07,
600459.XSHG,2020-01-07,
002226.XSHE,2020-01-07,
300338.XSHE,2020-01-07,
300065.XSHE,2020-01-07,
600929.XSHG,2020-01-07,
603380.XSHG,2020-01-07,
603707.XSHG,2020-01-07,
603595.XSHG,2020-01-07,
002475.XSHE,2020-01-07,
000533.XSHE,2020-01-07,
002759.XSHE,2020-01-07,
600108.XSHG,2020-01-07,
603367.XSHG,2020-01-07,
601928.XSHG,2020-01-07,
300690.XSHE,2020-01-07,
601858.XSHG,2020-01-07,
300696.XSHE,2020-01-07,
002219.XSHE,2020-01-07,
002963.XSHE,2020-01-07,
603085.XSHG,2020-01-07,
002469.XSHE,2020-01-07,
002111.XSHE,2020-01-07,
000929.XSHE,2020-01-07,
002132.XSHE,2020-01-07,
600406.XSHG,2020-01-07,
600894.XSHG,2020-01-07,
000681.XSHE,2020-01-07,
603711.XSHG,2020-01-07,
600613.XSHG,2020-01-07,
002183.XSHE,2020-01-07,
603825.XSHG,2020-01-07,
000852.XSHE,2020-01-07,
300610.XSHE,2020-01-07,
300326.XSHE,2020-01-07,
600859.XSHG,2020-01-07,
300716.XSHE,2020-01-07,
603387.XSHG,2020-01-07,
300788.XSHE,2020-01-07,
600327.XSHG,2020-01-07,
601128.XSHG,2020-01-07,
300489.XSHE,2020-01-07,
000506.XSHE,2020-01-07,
000779.XSHE,2020-01-07,
300236.XSHE,2020-01-07,
600689.XSHG,2020-01-07,
002031.XSHE,2020-01-07,
000705.XSHE,2020-01-07,
002789.XSHE,2020-01-07,
000065.XSHE,2020-01-07,
603738.XSHG,2020-01-07,
002014.XSHE,2020-01-07,
002499.XSHE,2020-01-07,
300173.XSHE,2020-01-07,
603006.XSHG,2020-01-07,
600426.XSHG,2020-01-07,
000895.XSHE,2020-01-07,
601689.XSHG,2020-01-07,
300258.XSHE,2020-01-07,
002353.XSHE,2020-01-07,
002217.XSHE,2020-01-07,
600475.XSHG,2020-01-07,
601319.XSHG,2020-01-07,
000915.XSHE,2020-01-07,
600791.XSHG,2020-01-07,
000780.XSHE,2020-01-07,
600744.XSHG,2020-01-07,
002010.XSHE,2020-01-07,
300401.XSHE,2020-01-07,
688116.XSHG,2020-01-07,
601118.XSHG,2020-01-07,
603755.XSHG,2020-01-07,
603043.XSHG,2020-01-07,
002061.XSHE,2020-01-07,
600076.XSHG,2020-01-07,
000049.XSHE,2020-01-07,
000513.XSHE,2020-01-07,
600603.XSHG,2020-01-07,
603501.XSHG,2020-01-07,
300275.XSHE,2020-01-07,
300705.XSHE,2020-01-07,
601330.XSHG,2020-01-07,
002846.XSHE,2020-01-07,
300755.XSHE,2020-01-07,
300488.XSHE,2020-01-07,
300318.XSHE,2020-01-07,
000813.XSHE,2020-01-07,
000639.XSHE,2020-01-07,
000528.XSHE,2020-01-07,
002429.XSHE,2020-01-07,
601828.XSHG,2020-01-07,
300684.XSHE,2020-01-07,
600462.XSHG,2020-01-07,
000598.XSHE,2020-01-07,
002322.XSHE,2020-01-07,
300253.XSHE,2020-01-07,
300313.XSHE,2020-01-07,
000953.XSHE,2020-01-07,
002003.XSHE,2020-01-07,
600704.XSHG,2020-01-07,
600515.XSHG,2020-01-07,
600371.XSHG,2020-01-07,
002551.XSHE,2020-01-07,
002109.XSHE,2020-01-07,
603828.XSHG,2020-01-07,
002461.XSHE,2020-01-07,
002473.XSHE,2020-01-07,
300398.XSHE,2020-01-07,
002819.XSHE,2020-01-07,
300810.XSHE,2020-01-07,
603045.XSHG,2020-01-07,
300136.XSHE,2020-01-07,
603630.XSHG,2020-01-07,
300677.XSHE,2020-01-07,
300260.XSHE,2020-01-07,
000997.XSHE,2020-01-07,
300389.XSHE,2020-01-07,
603225.XSHG,2020-01-07,
000582.XSHE,2020-01-07,
300378.XSHE,2020-01-07,
300567.XSHE,2020-01-07,
603933.XSHG,2020-01-07,
603987.XSHG,2020-01-07,
002427.XSHE,2020-01-07,
002059.XSHE,2020-01-07,
300466.XSHE,2020-01-07,
000667.XSHE,2020-01-07,
600456.XSHG,2020-01-07,
300702.XSHE,2020-01-07,
300537.XSHE,2020-01-07,
000851.XSHE,2020-01-07,
002603.XSHE,2020-01-07,
600152.XSHG,2020-01-07,
600567.XSHG,2020-01-07,
600926.XSHG,2020-01-07,
300210.XSHE,2020-01-07,
002342.XSHE,2020-01-07,
002211.XSHE,2020-01-07,
002897.XSHE,2020-01-07,
002409.XSHE,2020-01-07,
600358.XSHG,2020-01-07,
000960.XSHE,2020-01-07,
002090.XSHE,2020-01-07,
600568.XSHG,2020-01-07,
300112.XSHE,2020-01-07,
002626.XSHE,2020-01-07,
688066.XSHG,2020-01-07,
300666.XSHE,2020-01-07,
603982.XSHG,2020-01-07,
002050.XSHE,2020-01-07,
000570.XSHE,2020-01-07,
600866.XSHG,2020-01-07,
600636.XSHG,2020-01-07,
000627.XSHE,2020-01-07,
300771.XSHE,2020-01-07,
300200.XSHE,2020-01-07,
603332.XSHG,2020-01-07,
600106.XSHG,2020-01-07,
000797.XSHE,2020-01-07,
002821.XSHE,2020-01-07,
300611.XSHE,2020-01-07,
601126.XSHG,2020-01-07,
002850.XSHE,2020-01-07,
603166.XSHG,2020-01-07,
002690.XSHE,2020-01-07,
603609.XSHG,2020-01-07,
600240.XSHG,2020-01-07,
600933.XSHG,2020-01-07,
688030.XSHG,2020-01-07,
300068.XSHE,2020-01-07,
300274.XSHE,2020-01-07,
300557.XSHE,2020-01-07,
002536.XSHE,2020-01-07,
603800.XSHG,2020-01-07,
603012.XSHG,2020-01-07,
600639.XSHG,2020-01-07,
600496.XSHG,2020-01-07,
600012.XSHG,2020-01-07,
603659.XSHG,2020-01-07,
000548.XSHE,2020-01-07,
603007.XSHG,2020-01-07,
300063.XSHE,2020-01-07,
002100.XSHE,2020-01-07,
600601.XSHG,2020-01-07,
603277.XSHG,2020-01-07,
603616.XSHG,2020-01-07,
002078.XSHE,2020-01-07,
601888.XSHG,2020-01-07,
000759.XSHE,2020-01-07,
603359.XSHG,2020-01-07,
603320.XSHG,2020-01-07,
300308.XSHE,2020-01-07,
002715.XSHE,2020-01-07,
000978.XSHE,2020-01-07,
603811.XSHG,2020-01-07,
002672.XSHE,2020-01-07,
300411.XSHE,2020-01-07,
002120.XSHE,2020-01-07,
600129.XSHG,2020-01-07,
601882.XSHG,2020-01-07,
300273.XSHE,2020-01-07,
300430.XSHE,2020-01-07,
688101.XSHG,2020-01-07,
601999.XSHG,2020-01-07,
000833.XSHE,2020-01-07,
600293.XSHG,2020-01-07,
002212.XSHE,2020-01-07,
600269.XSHG,2020-01-07,
603056.XSHG,2020-01-07,
600279.XSHG,2020-01-07,
603389.XSHG,2020-01-07,
603712.XSHG,2020-01-07,
600191.XSHG,2020-01-07,
601595.XSHG,2020-01-07,
600159.XSHG,2020-01-07,
603188.XSHG,2020-01-07,
002295.XSHE,2020-01-07,
600210.XSHG,2020-01-07,
002682.XSHE,2020-01-07,
002128.XSHE,2020-01-07,
002148.XSHE,2020-01-07,
002470.XSHE,2020-01-07,
603809.XSHG,2020-01-07,
600197.XSHG,2020-01-07,
002644.XSHE,2020-01-07,
600256.XSHG,2020-01-07,
600692.XSHG,2020-01-07,
300652.XSHE,2020-01-07,
300601.XSHE,2020-01-07,
601668.XSHG,2020-01-07,
600389.XSHG,2020-01-07,
300471.XSHE,2020-01-07,
002091.XSHE,2020-01-07,
600497.XSHG,2020-01-07,
603208.XSHG,2020-01-07,
600093.XSHG,2020-01-07,
600260.XSHG,2020-01-07,
600694.XSHG,2020-01-07,
601616.XSHG,2020-01-07,
000034.XSHE,2020-01-07,
002178.XSHE,2020-01-07,
002281.XSHE,2020-01-07,
000680.XSHE,2020-01-07,
002956.XSHE,2020-01-07,
002001.XSHE,2020-01-07,
300278.XSHE,2020-01-07,
600703.XSHG,2020-01-07,
002902.XSHE,2020-01-07,
600080.XSHG,2020-01-07,
600189.XSHG,2020-01-07,
002788.XSHE,2020-01-07,
300314.XSHE,2020-01-07,
603585.XSHG,2020-01-07,
002879.XSHE,2020-01-07,
002434.XSHE,2020-01-07,
603766.XSHG,2020-01-07,
000610.XSHE,2020-01-07,
300525.XSHE,2020-01-07,
300694.XSHE,2020-01-07,
603559.XSHG,2020-01-07,
300533.XSHE,2020-01-07,
688011.XSHG,2020-01-07,
601933.XSHG,2020-01-07,
002093.XSHE,2020-01-07,
688068.XSHG,2020-01-07,
000419.XSHE,2020-01-07,
600812.XSHG,2020-01-07,
603041.XSHG,2020-01-07,
600206.XSHG,2020-01-07,
600536.XSHG,2020-01-07,
688005.XSHG,2020-01-07,
600399.XSHG,2020-01-07,
603776.XSHG,2020-01-07,
600298.XSHG,2020-01-07,
002106.XSHE,2020-01-07,
600781.XSHG,2020-01-07,
300578.XSHE,2020-01-07,
002205.XSHE,2020-01-07,
002414.XSHE,2020-01-07,
002623.XSHE,2020-01-07,
300270.XSHE,2020-01-07,
600833.XSHG,2020-01-07,
601328.XSHG,2020-01-07,
300776.XSHE,2020-01-07,
600596.XSHG,2020-01-07,
300450.XSHE,2020-01-07,
300669.XSHE,2020-01-07,
300712.XSHE,2020-01-07,
000048.XSHE,2020-01-07,
000822.XSHE,2020-01-07,
002008.XSHE,2020-01-07,
002186.XSHE,2020-01-07,
603360.XSHG,2020-01-07,
601618.XSHG,2020-01-07,
002533.XSHE,2020-01-07,
000595.XSHE,2020-01-07,
300007.XSHE,2020-01-07,
300629.XSHE,2020-01-07,
300034.XSHE,2020-01-07,
300302.XSHE,2020-01-07,
601990.XSHG,2020-01-07,
300628.XSHE,2020-01-07,
002009.XSHE,2020-01-07,
002202.XSHE,2020-01-07,
002560.XSHE,2020-01-07,
603737.XSHG,2020-01-07,
300145.XSHE,2020-01-07,
000801.XSHE,2020-01-07,
000806.XSHE,2020-01-07,
002190.XSHE,2020-01-07,
002815.XSHE,2020-01-07,
000715.XSHE,2020-01-07,
603577.XSHG,2020-01-07,
000727.XSHE,2020-01-07,
002271.XSHE,2020-01-07,
600088.XSHG,2020-01-07,
600531.XSHG,2020-01-07,
600449.XSHG,2020-01-07,
002613.XSHE,2020-01-07,
600963.XSHG,2020-01-07,
300540.XSHE,2020-01-07,
002146.XSHE,2020-01-07,
600509.XSHG,2020-01-07,
002119.XSHE,2020-01-07,
688369.XSHG,2020-01-07,
600582.XSHG,2020-01-07,
002766.XSHE,2020-01-07,
000683.XSHE,2020-01-07,
603679.XSHG,2020-01-07,
002588.XSHE,2020-01-07,
000925.XSHE,2020-01-07,
300174.XSHE,2020-01-07,
000004.XSHE,2020-01-07,
600543.XSHG,2020-01-07,
002893.XSHE,2020-01-07,
002937.XSHE,2020-01-07,
300018.XSHE,2020-01-07,
600800.XSHG,2020-01-07,
603369.XSHG,2020-01-07,
600079.XSHG,2020-01-07,
601311.XSHG,2020-01-07,
002063.XSHE,2020-01-07,
601000.XSHG,2020-01-07,
600864.XSHG,2020-01-07,
300722.XSHE,2020-01-07,
002446.XSHE,2020-01-07,
600529.XSHG,2020-01-07,
000969.XSHE,2020-01-07,
300311.XSHE,2020-01-07,
300490.XSHE,2020-01-07,
601231.XSHG,2020-01-07,
300718.XSHE,2020-01-07,
000676.XSHE,2020-01-07,
000551.XSHE,2020-01-07,
000663.XSHE,2020-01-07,
688010.XSHG,2020-01-07,
600251.XSHG,2020-01-07,
600268.XSHG,2020-01-07,
601718.XSHG,2020-01-07,
603665.XSHG,2020-01-07,
000338.XSHE,2020-01-07,
000877.XSHE,2020-01-07,
600060.XSHG,2020-01-07,
300577.XSHE,2020-01-07,
601996.XSHG,2020-01-07,
603880.XSHG,2020-01-07,
603127.XSHG,2020-01-07,
600183.XSHG,2020-01-07,
600682.XSHG,2020-01-07,
002230.XSHE,2020-01-07,
002818.XSHE,2020-01-07,
601633.XSHG,2020-01-07,
300515.XSHE,2020-01-07,
603976.XSHG,2020-01-07,
300415.XSHE,2020-01-07,
600165.XSHG,2020-01-07,
002891.XSHE,2020-01-07,
002380.XSHE,2020-01-07,
000488.XSHE,2020-01-07,
600367.XSHG,2020-01-07,
601579.XSHG,2020-01-07,
300758.XSHE,2020-01-07,
002506.XSHE,2020-01-07,
600085.XSHG,2020-01-07,
603267.XSHG,2020-01-07,
002606.XSHE,2020-01-07,
600369.XSHG,2020-01-07,
600486.XSHG,2020-01-07,
002726.XSHE,2020-01-07,
600737.XSHG,2020-01-07,
000036.XSHE,2020-01-07,
000665.XSHE,2020-01-07,
002870.XSHE,2020-01-07,
600895.XSHG,2020-01-07,
000571.XSHE,2020-01-07,
300248.XSHE,2020-01-07,
688389.XSHG,2020-01-07,
002455.XSHE,2020-01-07,
601799.XSHG,2020-01-07,
600835.XSHG,2020-01-07,
601789.XSHG,2020-01-07,
600642.XSHG,2020-01-07,
300189.XSHE,2020-01-07,
603677.XSHG,2020-01-07,
300073.XSHE,2020-01-07,
001965.XSHE,2020-01-07,
002657.XSHE,2020-01-07,
002835.XSHE,2020-01-07,
002284.XSHE,2020-01-07,
000042.XSHE,2020-01-07,
600478.XSHG,2020-01-07,
600644.XSHG,2020-01-07,
000417.XSHE,2020-01-07,
600868.XSHG,2020-01-07,
300196.XSHE,2020-01-07,
300016.XSHE,2020-01-07,
601212.XSHG,2020-01-07,
603079.XSHG,2020-01-07,
688368.XSHG,2020-01-07,
002662.XSHE,2020-01-07,
002881.XSHE,2020-01-07,
600173.XSHG,2020-01-07,
002618.XSHE,2020-01-07,
600671.XSHG,2020-01-07,
603778.XSHG,2020-01-07,
002049.XSHE,2020-01-07,
603181.XSHG,2020-01-07,
600400.XSHG,2020-01-07,
300733.XSHE,2020-01-07,
000768.XSHE,2020-01-07,
000534.XSHE,2020-01-07,
603458.XSHG,2020-01-07,
300046.XSHE,2020-01-07,
002811.XSHE,2020-01-07,
300449.XSHE,2020-01-07,
603199.XSHG,2020-01-07,
300465.XSHE,2020-01-07,
600879.XSHG,2020-01-07,
603015.XSHG,2020-01-07,
300135.XSHE,2020-01-07,
300552.XSHE,2020-01-07,
603578.XSHG,2020-01-07,
600250.XSHG,2020-01-07,
002521.XSHE,2020-01-07,
300061.XSHE,2020-01-07,
002056.XSHE,2020-01-07,
600217.XSHG,2020-01-07,
601949.XSHG,2020-01-07,
002843.XSHE,2020-01-07,
002139.XSHE,2020-01-07,
600362.XSHG,2020-01-07,
000523.XSHE,2020-01-07,
603768.XSHG,2020-01-07,
002145.XSHE,2020-01-07,
601777.XSHG,2020-01-07,
002250.XSHE,2020-01-07,
000596.XSHE,2020-01-07,
601908.XSHG,2020-01-07,
601919.XSHG,2020-01-07,
603030.XSHG,2020-01-07,
300619.XSHE,2020-01-07,
002318.XSHE,2020-01-07,
603960.XSHG,2020-01-07,
600350.XSHG,2020-01-07,
000590.XSHE,2020-01-07,
300074.XSHE,2020-01-07,
002961.XSHE,2020-01-07,
300435.XSHE,2020-01-07,
600022.XSHG,2020-01-07,
600535.XSHG,2020-01-07,
000153.XSHE,2020-01-07,
600257.XSHG,2020-01-07,
300154.XSHE,2020-01-07,
601009.XSHG,2020-01-07,
600180.XSHG,2020-01-07,
000037.XSHE,2020-01-07,
000586.XSHE,2020-01-07,
002709.XSHE,2020-01-07,
300247.XSHE,2020-01-07,
002774.XSHE,2020-01-07,
002694.XSHE,2020-01-07,
600641.XSHG,2020-01-07,
002737.XSHE,2020-01-07,
000839.XSHE,2020-01-07,
688036.XSHG,2020-01-07,
002215.XSHE,2020-01-07,
002311.XSHE,2020-01-07,
000557.XSHE,2020-01-07,
300017.XSHE,2020-01-07,
688399.XSHG,2020-01-07,
600558.XSHG,2020-01-07,
603116.XSHG,2020-01-07,
300618.XSHE,2020-01-07,
002098.XSHE,2020-01-07,
002607.XSHE,2020-01-07,
002083.XSHE,2020-01-07,
600745.XSHG,2020-01-07,
300031.XSHE,2020-01-07,
603259.XSHG,2020-01-07,
600685.XSHG,2020-01-07,
603955.XSHG,2020-01-07,
002290.XSHE,2020-01-07,
600284.XSHG,2020-01-07,
600211.XSHG,2020-01-07,
000888.XSHE,2020-01-07,
002024.XSHE,2020-01-07,
002423.XSHE,2020-01-07,
300403.XSHE,2020-01-07,
300762.XSHE,2020-01-07,
600863.XSHG,2020-01-07,
600844.XSHG,2020-01-07,
601992.XSHG,2020-01-07,
000972.XSHE,2020-01-07,
300634.XSHE,2020-01-07,
603996.XSHG,2020-01-07,
603860.XSHG,2020-01-07,
300262.XSHE,2020-01-07,
002801.XSHE,2020-01-07,
002512.XSHE,2020-01-07,
002827.XSHE,2020-01-07,
002877.XSHE,2020-01-07,
603676.XSHG,2020-01-07,
000757.XSHE,2020-01-07,
002175.XSHE,2020-01-07,
600889.XSHG,2020-01-07,
002722.XSHE,2020-01-07,
603180.XSHG,2020-01-07,
600575.XSHG,2020-01-07,
000651.XSHE,2020-01-07,
300383.XSHE,2020-01-07,
600008.XSHG,2020-01-07,
002160.XSHE,2020-01-07,
600072.XSHG,2020-01-07,
002847.XSHE,2020-01-07,
300161.XSHE,2020-01-07,
300558.XSHE,2020-01-07,
300072.XSHE,2020-01-07,
300166.XSHE,2020-01-07,
300305.XSHE,2020-01-07,
600719.XSHG,2020-01-07,
300665.XSHE,2020-01-07,
002562.XSHE,2020-01-07,
300042.XSHE,2020-01-07,
600004.XSHG,2020-01-07,
601179.XSHG,2020-01-07,
002357.XSHE,2020-01-07,
603283.XSHG,2020-01-07,
000012.XSHE,2020-01-07,
300282.XSHE,2020-01-07,
002488.XSHE,2020-01-07,
600801.XSHG,2020-01-07,
601988.XSHG,2020-01-07,
002491.XSHE,2020-01-07,
600507.XSHG,2020-01-07,
603787.XSHG,2020-01-07,
600827.XSHG,2020-01-07,
002758.XSHE,2020-01-07,
600354.XSHG,2020-01-07,
603587.XSHG,2020-01-07,
002255.XSHE,2020-01-07,
600782.XSHG,2020-01-07,
601566.XSHG,2020-01-07,
600242.XSHG,2020-01-07,
600614.XSHG,2020-01-07,
300235.XSHE,2020-01-07,
603569.XSHG,2020-01-07,
300686.XSHE,2020-01-07,
603661.XSHG,2020-01-07,
603662.XSHG,2020-01-07,
002677.XSHE,2020-01-07,
603888.XSHG,2020-01-07,
300098.XSHE,2020-01-07,
002463.XSHE,2020-01-07,
000421.XSHE,2020-01-07,
000040.XSHE,2020-01-07,
002278.XSHE,2020-01-07,
603227.XSHG,2020-01-07,
300076.XSHE,2020-01-07,
300261.XSHE,2020-01-07,
002577.XSHE,2020-01-07,
002717.XSHE,2020-01-07,
601898.XSHG,2020-01-07,
603968.XSHG,2020-01-07,
002313.XSHE,2020-01-07,
300715.XSHE,2020-01-07,
600834.XSHG,2020-01-07,
000673.XSHE,2020-01-07,
002005.XSHE,2020-01-07,
600089.XSHG,2020-01-07,
603666.XSHG,2020-01-07,
002705.XSHE,2020-01-07,
600578.XSHG,2020-01-07,
601222.XSHG,2020-01-07,
688108.XSHG,2020-01-07,
002689.XSHE,2020-01-07,
002852.XSHE,2020-01-07,
600565.XSHG,2020-01-07,
603321.XSHG,2020-01-07,
300587.XSHE,2020-01-07,
300678.XSHE,2020-01-07,
300482.XSHE,2020-01-07,
600053.XSHG,2020-01-07,
300097.XSHE,2020-01-07,
601899.XSHG,2020-01-07,
603758.XSHG,2020-01-07,
002343.XSHE,2020-01-07,
300133.XSHE,2020-01-07,
603033.XSHG,2020-01-07,
600006.XSHG,2020-01-07,
002669.XSHE,2020-01-07,
603200.XSHG,2020-01-07,
002495.XSHE,2020-01-07,
600870.XSHG,2020-01-07,
002016.XSHE,2020-01-07,
002336.XSHE,2020-01-07,
300103.XSHE,2020-01-07,
300370.XSHE,2020-01-07,
603003.XSHG,2020-01-07,
600070.XSHG,2020-01-07,
002407.XSHE,2020-01-07,
002416.XSHE,2020-01-07,
000502.XSHE,2020-01-07,
300020.XSHE,2020-01-07,
300747.XSHE,2020-01-07,
002351.XSHE,2020-01-07,
300593.XSHE,2020-01-07,
600111.XSHG,2020-01-07,
600308.XSHG,2020-01-07,
002500.XSHE,2020-01-07,
002748.XSHE,2020-01-07,
002115.XSHE,2020-01-07,
300138.XSHE,2020-01-07,
601111.XSHG,2020-01-07,
603590.XSHG,2020-01-07,
000599.XSHE,2020-01-07,
300423.XSHE,2020-01-07,
002192.XSHE,2020-01-07,
000697.XSHE,2020-01-07,
600917.XSHG,2020-01-07,
002797.XSHE,2020-01-07,
300381.XSHE,2020-01-07,
002207.XSHE,2020-01-07,
300374.XSHE,2020-01-07,
002341.XSHE,2020-01-07,
002238.XSHE,2020-01-07,
002513.XSHE,2020-01-07,
002564.XSHE,2020-01-07,
002741.XSHE,2020-01-07,
002635.XSHE,2020-01-07,
600733.XSHG,2020-01-07,
688310.XSHG,2020-01-07,
002915.XSHE,2020-01-07,
300320.XSHE,2020-01-07,
300591.XSHE,2020-01-07,
601567.XSHG,2020-01-07,
002912.XSHE,2020-01-07,
603688.XSHG,2020-01-07,
002664.XSHE,2020-01-07,
600175.XSHG,2020-01-07,
002052.XSHE,2020-01-07,
000635.XSHE,2020-01-07,
300516.XSHE,2020-01-07,
300380.XSHE,2020-01-07,
300086.XSHE,2020-01-07,
600618.XSHG,2020-01-07,
002239.XSHE,2020-01-07,
002558.XSHE,2020-01-07,
300749.XSHE,2020-01-07,
603798.XSHG,2020-01-07,
603025.XSHG,2020-01-07,
002559.XSHE,2020-01-07,
600338.XSHG,2020-01-07,
000031.XSHE,2020-01-07,
002198.XSHE,2020-01-07,
688020.XSHG,2020-01-07,
000936.XSHE,2020-01-07,
002303.XSHE,2020-01-07,
600162.XSHG,2020-01-07,
300180.XSHE,2020-01-07,
600163.XSHG,2020-01-07,
600886.XSHG,2020-01-07,
600133.XSHG,2020-01-07,
300556.XSHE,2020-01-07,
300421.XSHE,2020-01-07,
603329.XSHG,2020-01-07,
600016.XSHG,2020-01-07,
300608.XSHE,2020-01-07,
300141.XSHE,2020-01-07,
603655.XSHG,2020-01-07,
600075.XSHG,2020-01-07,
600190.XSHG,2020-01-07,
300106.XSHE,2020-01-07,
002511.XSHE,2020-01-07,
600501.XSHG,2020-01-07,
002312.XSHE,2020-01-07,
002778.XSHE,2020-01-07,
002210.XSHE,2020-01-07,
300182.XSHE,2020-01-07,
600649.XSHG,2020-01-07,
600322.XSHG,2020-01-07,
002615.XSHE,2020-01-07,
300071.XSHE,2020-01-07,
002042.XSHE,2020-01-07,
300238.XSHE,2020-01-07,
002348.XSHE,2020-01-07,
600185.XSHG,2020-01-07,
000603.XSHE,2020-01-07,
300798.XSHE,2020-01-07,
300364.XSHE,2020-01-07,
600433.XSHG,2020-01-07,
000793.XSHE,2020-01-07,
600784.XSHG,2020-01-07,
002177.XSHE,2020-01-07,
600352.XSHG,2020-01-07,
603958.XSHG,2020-01-07,
002523.XSHE,2020-01-07,
600860.XSHG,2020-01-07,
603067.XSHG,2020-01-07,
600052.XSHG,2020-01-07,
688023.XSHG,2020-01-07,
600209.XSHG,2020-01-07,
603077.XSHG,2020-01-07,
603656.XSHG,2020-01-07,
000766.XSHE,2020-01-07,
300037.XSHE,2020-01-07,
300185.XSHE,2020-01-07,
300226.XSHE,2020-01-07,
601872.XSHG,2020-01-07,
603228.XSHG,2020-01-07,
600975.XSHG,2020-01-07,
002799.XSHE,2020-01-07,
600602.XSHG,2020-01-07,
600959.XSHG,2020-01-07,
002242.XSHE,2020-01-07,
600725.XSHG,2020-01-07,
688168.XSHG,2020-01-07,
002243.XSHE,2020-01-07,
600538.XSHG,2020-01-07,
002251.XSHE,2020-01-07,
002575.XSHE,2020-01-07,
603528.XSHG,2020-01-07,
300397.XSHE,2020-01-07,
002390.XSHE,2020-01-07,
002465.XSHE,2020-01-07,
300416.XSHE,2020-01-07,
002901.XSHE,2020-01-07,
002324.XSHE,2020-01-07,
300707.XSHE,2020-01-07,
000906.XSHE,2020-01-07,
300091.XSHE,2020-01-07,
002386.XSHE,2020-01-07,
600626.XSHG,2020-01-07,
300731.XSHE,2020-01-07,
603912.XSHG,2020-01-07,
002105.XSHE,2020-01-07,
688388.XSHG,2020-01-07,
300745.XSHE,2020-01-07,
603011.XSHG,2020-01-07,
000723.XSHE,2020-01-07,
002817.XSHE,2020-01-07,
000731.XSHE,2020-01-07,
002703.XSHE,2020-01-07,
300428.XSHE,2020-01-07,
300651.XSHE,2020-01-07,
000751.XSHE,2020-01-07,
300053.XSHE,2020-01-07,
000862.XSHE,2020-01-07,
002339.XSHE,2020-01-07,
300746.XSHE,2020-01-07,
002197.XSHE,2020-01-07,
603060.XSHG,2020-01-07,
000524.XSHE,2020-01-07,
600611.XSHG,2020-01-07,
600686.XSHG,2020-01-07,
000061.XSHE,2020-01-07,
002518.XSHE,2020-01-07,
300407.XSHE,2020-01-07,
300756.XSHE,2020-01-07,
300082.XSHE,2020-01-07,
000415.XSHE,2020-01-07,
002608.XSHE,2020-01-07,
300468.XSHE,2020-01-07,
688321.XSHG,2020-01-07,
000955.XSHE,2020-01-07,
300648.XSHE,2020-01-07,
688300.XSHG,2020-01-07,
002505.XSHE,2020-01-07,
300195.XSHE,2020-01-07,
603139.XSHG,2020-01-07,
002384.XSHE,2020-01-07,
000792.XSHE,2020-01-07,
603721.XSHG,2020-01-07,
600508.XSHG,2020-01-07,
603129.XSHG,2020-01-07,
603105.XSHG,2020-01-07,
603790.XSHG,2020-01-07,
000530.XSHE,2020-01-07,
603890.XSHG,2020-01-07,
300223.XSHE,2020-01-07,
600339.XSHG,2020-01-07,
002693.XSHE,2020-01-07,
600267.XSHG,2020-01-07,
600583.XSHG,2020-01-07,
000615.XSHE,2020-01-07,
300230.XSHE,2020-01-07,
603883.XSHG,2020-01-07,
300283.XSHE,2020-01-07,
600066.XSHG,2020-01-07,
000828.XSHE,2020-01-07,
300102.XSHE,2020-01-07,
002593.XSHE,2020-01-07,
600634.XSHG,2020-01-07,
600037.XSHG,2020-01-07,
600149.XSHG,2020-01-07,
002892.XSHE,2020-01-07,
300573.XSHE,2020-01-07,
002945.XSHE,2020-01-07,
603086.XSHG,2020-01-07,
601860.XSHG,2020-01-07,
600767.XSHG,2020-01-07,
600009.XSHG,2020-01-07,
600219.XSHG,2020-01-07,
000910.XSHE,2020-01-07,
600502.XSHG,2020-01-07,
002504.XSHE,2020-01-07,
000089.XSHE,2020-01-07,
002080.XSHE,2020-01-07,
002768.XSHE,2020-01-07,
002594.XSHE,2020-01-07,
603813.XSHG,2020-01-07,
603598.XSHG,2020-01-07,
000811.XSHE,2020-01-07,
000897.XSHE,2020-01-07,
603636.XSHG,2020-01-07,
002422.XSHE,2020-01-07,
603613.XSHG,2020-01-07,
300121.XSHE,2020-01-07,
002415.XSHE,2020-01-07,
002249.XSHE,2020-01-07,
002871.XSHE,2020-01-07,
300536.XSHE,2020-01-07,
000860.XSHE,2020-01-07,
600208.XSHG,2020-01-07,
603939.XSHG,2020-01-07,
600739.XSHG,2020-01-07,
002856.XSHE,2020-01-07,
002571.XSHE,2020-01-07,
002832.XSHE,2020-01-07,
300376.XSHE,2020-01-07,
300808.XSHE,2020-01-07,
002907.XSHE,2020-01-07,
600831.XSHG,2020-01-07,
600405.XSHG,2020-01-07,
600438.XSHG,2020-01-07,
603158.XSHG,2020-01-07,
603098.XSHG,2020-01-07,
300638.XSHE,2020-01-07,
600615.XSHG,2020-01-07,
600589.XSHG,2020-01-07,
002127.XSHE,2020-01-07,
000912.XSHE,2020-01-07,
603603.XSHG,2020-01-07,
002174.XSHE,2020-01-07,
300445.XSHE,2020-01-07,
002783.XSHE,2020-01-07,
600630.XSHG,2020-01-07,
300058.XSHE,2020-01-07,
600086.XSHG,2020-01-07,
600192.XSHG,2020-01-07,
002849.XSHE,2020-01-07,
000619.XSHE,2020-01-07,
603556.XSHG,2020-01-07,
300467.XSHE,2020-01-07,
000425.XSHE,2020-01-07,
002015.XSHE,2020-01-07,
300408.XSHE,2020-01-07,
002152.XSHE,2020-01-07,
603118.XSHG,2020-01-07,
002213.XSHE,2020-01-07,
601015.XSHG,2020-01-07,
002941.XSHE,2020-01-07,
300242.XSHE,2020-01-07,
300406.XSHE,2020-01-07,
600887.XSHG,2020-01-07,
000531.XSHE,2020-01-07,
300110.XSHE,2020-01-07,
300306.XSHE,2020-01-07,
002679.XSHE,2020-01-07,
603036.XSHG,2020-01-07,
002906.XSHE,2020-01-07,
000976.XSHE,2020-01-07,
002948.XSHE,2020-01-07,
000573.XSHE,2020-01-07,
300267.XSHE,2020-01-07,
000761.XSHE,2020-01-07,
603706.XSHG,2020-01-07,
600491.XSHG,2020-01-07,
002762.XSHE,2020-01-07,
600861.XSHG,2020-01-07,
600101.XSHG,2020-01-07,
300213.XSHE,2020-01-07,
002655.XSHE,2020-01-07,
603466.XSHG,2020-01-07,
300239.XSHE,2020-01-07,
600195.XSHG,2020-01-07,
000901.XSHE,2020-01-07,
688218.XSHG,2020-01-07,
300040.XSHE,2020-01-07,
603536.XSHG,2020-01-07,
300630.XSHE,2020-01-07,
002171.XSHE,2020-01-07,
002437.XSHE,2020-01-07,
603218.XSHG,2020-01-07,
002065.XSHE,2020-01-07,
600056.XSHG,2020-01-07,
002195.XSHE,2020-01-07,
300486.XSHE,2020-01-07,
002169.XSHE,2020-01-07,
600114.XSHG,2020-01-07,
002563.XSHE,2020-01-07,
000688.XSHE,2020-01-07,
000713.XSHE,2020-01-07,
300626.XSHE,2020-01-07,
002930.XSHE,2020-01-07,
300114.XSHE,2020-01-07,
300008.XSHE,2020-01-07,
002232.XSHE,2020-01-07,
600356.XSHG,2020-01-07,
002787.XSHE,2020-01-07,
002855.XSHE,2020-01-07,
601966.XSHG,2020-01-07,
603444.XSHG,2020-01-07,
603633.XSHG,2020-01-07,
603701.XSHG,2020-01-07,
000721.XSHE,2020-01-07,
603068.XSHG,2020-01-07,
601099.XSHG,2020-01-07,
300775.XSHE,2020-01-07,
002176.XSHE,2020-01-07,
603727.XSHG,2020-01-07,
002307.XSHE,2020-01-07,
000703.XSHE,2020-01-07,
603806.XSHG,2020-01-07,
300663.XSHE,2020-01-07,
300122.XSHE,2020-01-07,
300085.XSHE,2020-01-07,
002967.XSHE,2020-01-07,
603256.XSHG,2020-01-07,
603000.XSHG,2020-01-07,
300249.XSHE,2020-01-07,
000973.XSHE,2020-01-07,
300388.XSHE,2020-01-07,
603198.XSHG,2020-01-07,
600168.XSHG,2020-01-07,
600249.XSHG,2020-01-07,
300581.XSHE,2020-01-07,
601298.XSHG,2020-01-07,
603328.XSHG,2020-01-07,
002157.XSHE,2020-01-07,
300701.XSHE,2020-01-07,
600317.XSHG,2020-01-07,
600460.XSHG,2020-01-07,
002755.XSHE,2020-01-07,
600635.XSHG,2020-01-07,
603299.XSHG,2020-01-07,
002076.XSHE,2020-01-07,
000902.XSHE,2020-01-07,
000520.XSHE,2020-01-07,
002861.XSHE,2020-01-07,
600523.XSHG,2020-01-07,
601916.XSHG,2020-01-07,
002538.XSHE,2020-01-07,
601238.XSHG,2020-01-07,
000026.XSHE,2020-01-07,
688299.XSHG,2020-01-07,
601216.XSHG,2020-01-07,
300641.XSHE,2020-01-07,
000407.XSHE,2020-01-07,
000795.XSHE,2020-01-07,
002631.XSHE,2020-01-07,
600084.XSHG,2020-01-07,
601857.XSHG,2020-01-07,
002235.XSHE,2020-01-07,
002586.XSHE,2020-01-07,
300384.XSHE,2020-01-07,
300605.XSHE,2020-01-07,
603159.XSHG,2020-01-07,
600036.XSHG,2020-01-07,
600882.XSHG,2020-01-07,
002452.XSHE,2020-01-07,
000959.XSHE,2020-01-07,
300803.XSHE,2020-01-07,
600395.XSHG,2020-01-07,
603833.XSHG,2020-01-07,
688008.XSHG,2020-01-07,
603161.XSHG,2020-01-07,
000611.XSHE,2020-01-07,
002209.XSHE,2020-01-07,
300393.XSHE,2020-01-07,
002640.XSHE,2020-01-07,
002034.XSHE,2020-01-07,
603327.XSHG,2020-01-07,
300791.XSHE,2020-01-07,
300152.XSHE,2020-01-07,
601038.XSHG,2020-01-07,
002592.XSHE,2020-01-07,
002058.XSHE,2020-01-07,
002529.XSHE,2020-01-07,
002537.XSHE,2020-01-07,
600258.XSHG,2020-01-07,
002833.XSHE,2020-01-07,
600306.XSHG,2020-01-07,
300404.XSHE,2020-01-07,
000725.XSHE,2020-01-07,
603005.XSHG,2020-01-07,
002936.XSHE,2020-01-07,
002328.XSHE,2020-01-07,
600223.XSHG,2020-01-07,
600548.XSHG,2020-01-07,
300181.XSHE,2020-01-07,
002460.XSHE,2020-01-07,
603612.XSHG,2020-01-07,
300043.XSHE,2020-01-07,
603421.XSHG,2020-01-07,
000669.XSHE,2020-01-07,
600010.XSHG,2020-01-07,
600790.XSHG,2020-01-07,
002546.XSHE,2020-01-07,
002933.XSHE,2020-01-07,
688007.XSHG,2020-01-07,
600222.XSHG,2020-01-07,
002326.XSHE,2020-01-07,
002200.XSHE,2020-01-07,
600510.XSHG,2020-01-07,
002153.XSHE,2020-01-07,
002890.XSHE,2020-01-07,
002201.XSHE,2020-01-07,
600329.XSHG,2020-01-07,
002334.XSHE,2020-01-07,
600674.XSHG,2020-01-07,
601158.XSHG,2020-01-07,
002733.XSHE,2020-01-07,
603601.XSHG,2020-01-07,
603863.XSHG,2020-01-07,
601606.XSHG,2020-01-07,
300596.XSHE,2020-01-07,
300392.XSHE,2020-01-07,
600992.XSHG,2020-01-07,
603383.XSHG,2020-01-07,
300742.XSHE,2020-01-07,
601398.XSHG,2020-01-07,
600418.XSHG,2020-01-07,
002263.XSHE,2020-01-07,
300299.XSHE,2020-01-07,
603157.XSHG,2020-01-07,
600735.XSHG,2020-01-07,
600587.XSHG,2020-01-07,
600287.XSHG,2020-01-07,
600513.XSHG,2020-01-07,
600893.XSHG,2020-01-07,
603368.XSHG,2020-01-07,
603713.XSHG,2020-01-07,
002656.XSHE,2020-01-07,
000962.XSHE,2020-01-07,
002873.XSHE,2020-01-07,
600018.XSHG,2020-01-07,
603028.XSHG,2020-01-07,
300562.XSHE,2020-01-07,
600000.XSHG,2020-01-07,
000062.XSHE,2020-01-07,
000798.XSHE,2020-01-07,
600824.XSHG,2020-01-07,
002497.XSHE,2020-01-07,
300203.XSHE,2020-01-07,
603580.XSHG,2020-01-07,
002851.XSHE,2020-01-07,
002630.XSHE,2020-01-07,
300438.XSHE,2020-01-07,
600673.XSHG,2020-01-07,
002597.XSHE,2020-01-07,
000753.XSHE,2020-01-07,
600973.XSHG,2020-01-07,
603889.XSHG,2020-01-07,
600971.XSHG,2020-01-07,
000988.XSHE,2020-01-07,
600707.XSHG,2020-01-07,
002309.XSHE,2020-01-07,
603366.XSHG,2020-01-07,
603803.XSHG,2020-01-07,
000789.XSHE,2020-01-07,
300087.XSHE,2020-01-07,
002158.XSHE,2020-01-07,
300656.XSHE,2020-01-07,
300474.XSHE,2020-01-07,
000720.XSHE,2020-01-07,
300700.XSHE,2020-01-07,
601688.XSHG,2020-01-07,
002692.XSHE,2020-01-07,
000537.XSHE,2020-01-07,
603236.XSHG,2020-01-07,
600409.XSHG,2020-01-07,
600470.XSHG,2020-01-07,
603967.XSHG,2020-01-07,
002678.XSHE,2020-01-07,
600551.XSHG,2020-01-07,
002286.XSHE,2020-01-07,
603313.XSHG,2020-01-07,
603278.XSHG,2020-01-07,
000686.XSHE,2020-01-07,
600604.XSHG,2020-01-07,
600617.XSHG,2020-01-07,
000926.XSHE,2020-01-07,
000423.XSHE,2020-01-07,
600705.XSHG,2020-01-07,
603568.XSHG,2020-01-07,
300259.XSHE,2020-01-07,
600182.XSHG,2020-01-07,
300296.XSHE,2020-01-07,
600595.XSHG,2020-01-07,
000890.XSHE,2020-01-07,
300740.XSHE,2020-01-07,
002863.XSHE,2020-01-07,
601939.XSHG,2020-01-07,
600556.XSHG,2020-01-07,
600150.XSHG,2020-01-07,
002262.XSHE,2020-01-07,
002946.XSHE,2020-01-07,
002306.XSHE,2020-01-07,
002527.XSHE,2020-01-07,
600528.XSHG,2020-01-07,
600562.XSHG,2020-01-07,
600184.XSHG,2020-01-07,
688366.XSHG,2020-01-07,
603822.XSHG,2020-01-07,
603709.XSHG,2020-01-07,
002492.XSHE,2020-01-07,
603399.XSHG,2020-01-07,
000987.XSHE,2020-01-07,
600320.XSHG,2020-01-07,
002321.XSHE,2020-01-07,
600665.XSHG,2020-01-07,
300727.XSHE,2020-01-07,
002681.XSHE,2020-01-07,
002073.XSHE,2020-01-07,
600266.XSHG,2020-01-07,
300349.XSHE,2020-01-07,
300495.XSHE,2020-01-07,
600489.XSHG,2020-01-07,
300535.XSHE,2020-01-07,
603909.XSHG,2020-01-07,
000403.XSHE,2020-01-07,
600793.XSHG,2020-01-07,
603358.XSHG,2020-01-07,
600980.XSHG,2020-01-07,
002585.XSHE,2020-01-07,
603167.XSHG,2020-01-07,
600466.XSHG,2020-01-07,
000985.XSHE,2020-01-07,
002376.XSHE,2020-01-07,
002438.XSHE,2020-01-07,
000835.XSHE,2020-01-07,
603839.XSHG,2020-01-07,
603050.XSHG,2020-01-07,
002444.XSHE,2020-01-07,
300413.XSHE,2020-01-07,
000980.XSHE,2020-01-07,
600376.XSHG,2020-01-07,
000672.XSHE,2020-01-07,
603848.XSHG,2020-01-07,
601012.XSHG,2020-01-07,
000553.XSHE,2020-01-07,
603871.XSHG,2020-01-07,
002966.XSHE,2020-01-07,
002973.XSHE,2020-01-07,
600103.XSHG,2020-01-07,
600664.XSHG,2020-01-07,
603856.XSHG,2020-01-07,
600033.XSHG,2020-01-07,
002266.XSHE,2020-01-07,
300642.XSHE,2020-01-07,
600385.XSHG,2020-01-07,
000783.XSHE,2020-01-07,
002697.XSHE,2020-01-07,
600722.XSHG,2020-01-07,
300050.XSHE,2020-01-07,
603963.XSHG,2020-01-07,
002387.XSHE,2020-01-07,
603861.XSHG,2020-01-07,
000999.XSHE,2020-01-07,
002943.XSHE,2020-01-07,
600064.XSHG,2020-01-07,
600525.XSHG,2020-01-07,
600237.XSHG,2020-01-07,
600420.XSHG,2020-01-07,
002072.XSHE,2020-01-07,
002665.XSHE,2020-01-07,
600368.XSHG,2020-01-07,
600811.XSHG,2020-01-07,
002028.XSHE,2020-01-07,
600539.XSHG,2020-01-07,
002471.XSHE,2020-01-07,
002476.XSHE,2020-01-07,
000737.XSHE,2020-01-07,
300432.XSHE,2020-01-07,
603777.XSHG,2020-01-07,
603993.XSHG,2020-01-07,
002757.XSHE,2020-01-07,
002382.XSHE,2020-01-07,
603226.XSHG,2020-01-07,
688039.XSHG,2020-01-07,
002599.XSHE,2020-01-07,
300044.XSHE,2020-01-07,
002002.XSHE,2020-01-07,
002557.XSHE,2020-01-07,
600271.XSHG,2020-01-07,
002652.XSHE,2020-01-07,
002108.XSHE,2020-01-07,
300464.XSHE,2020-01-07,
002939.XSHE,2020-01-07,
002053.XSHE,2020-01-07,
300800.XSHE,2020-01-07,
600699.XSHG,2020-01-07,
000637.XSHE,2020-01-07,
300117.XSHE,2020-01-07,
600533.XSHG,2020-01-07,
002515.XSHE,2020-01-07,
002051.XSHE,2020-01-07,
300462.XSHE,2020-01-07,
600469.XSHG,2020-01-07,
300193.XSHE,2020-01-07,
603363.XSHG,2020-01-07,
600755.XSHG,2020-01-07,
000952.XSHE,2020-01-07,
300367.XSHE,2020-01-07,
600200.XSHG,2020-01-07,
600830.XSHG,2020-01-07,
300527.XSHE,2020-01-07,
601008.XSHG,2020-01-07,
601678.XSHG,2020-01-07,
000638.XSHE,2020-01-07,
002419.XSHE,2020-01-07,
600125.XSHG,2020-01-07,
300575.XSHE,2020-01-07,
002405.XSHE,2020-01-07,
002216.XSHE,2020-01-07,
002064.XSHE,2020-01-07,
300528.XSHE,2020-01-07,
002371.XSHE,2020-01-07,
300342.XSHE,2020-01-07,
603089.XSHG,2020-01-07,
300096.XSHE,2020-01-07,
603739.XSHG,2020-01-07,
600758.XSHG,2020-01-07,
002957.XSHE,2020-01-07,
002619.XSHE,2020-01-07,
000529.XSHE,2020-01-07,
603345.XSHG,2020-01-07,
300051.XSHE,2020-01-07,
300024.XSHE,2020-01-07,
601717.XSHG,2020-01-07,
002917.XSHE,2020-01-07,
603266.XSHG,2020-01-07,
300523.XSHE,2020-01-07,
603583.XSHG,2020-01-07,
300761.XSHE,2020-01-07,
300396.XSHE,2020-01-07,
600169.XSHG,2020-01-07,
002868.XSHE,2020-01-07,
002514.XSHE,2020-01-07,
300633.XSHE,2020-01-07,
600099.XSHG,2020-01-07,
600201.XSHG,2020-01-07,
300254.XSHE,2020-01-07,
000905.XSHE,2020-01-07,
300156.XSHE,2020-01-07,
002144.XSHE,2020-01-07,
600505.XSHG,2020-01-07,
600748.XSHG,2020-01-07,
603586.XSHG,2020-01-07,
000429.XSHE,2020-01-07,
300198.XSHE,2020-01-07,
300218.XSHE,2020-01-07,
600487.XSHG,2020-01-07,
300736.XSHE,2020-01-07,
600600.XSHG,2020-01-07,
600316.XSHG,2020-01-07,
601218.XSHG,2020-01-07,
300188.XSHE,2020-01-07,
603117.XSHG,2020-01-07,
000150.XSHE,2020-01-07,
002421.XSHE,2020-01-07,
000006.XSHE,2020-01-07,
603600.XSHG,2020-01-07,
300322.XSHE,2020-01-07,
300371.XSHE,2020-01-07,
603103.XSHG,2020-01-07,
603773.XSHG,2020-01-07,
300232.XSHE,2020-01-07,
600738.XSHG,2020-01-07,
601515.XSHG,2020-01-07,
000519.XSHE,2020-01-07,
002358.XSHE,2020-01-07,
002185.XSHE,2020-01-07,
600090.XSHG,2020-01-07,
002903.XSHE,2020-01-07,
600777.XSHG,2020-01-07,
603566.XSHG,2020-01-07,
600048.XSHG,2020-01-07,
600580.XSHG,2020-01-07,
000799.XSHE,2020-01-07,
002170.XSHE,2020-01-07,
603500.XSHG,2020-01-07,
000576.XSHE,2020-01-07,
002746.XSHE,2020-01-07,
600678.XSHG,2020-01-07,
300026.XSHE,2020-01-07,
300425.XSHE,2020-01-07,
000786.XSHE,2020-01-07,
002684.XSHE,2020-01-07,
601086.XSHG,2020-01-07,
002494.XSHE,2020-01-07,
000778.XSHE,2020-01-07,
600499.XSHG,2020-01-07,
002253.XSHE,2020-01-07,
002578.XSHE,2020-01-07,
002187.XSHE,2020-01-07,
300585.XSHE,2020-01-07,
600397.XSHG,2020-01-07,
002084.XSHE,2020-01-07,
603728.XSHG,2020-01-07,
002165.XSHE,2020-01-07,
000989.XSHE,2020-01-07,
603558.XSHG,2020-01-07,
300670.XSHE,2020-01-07,
000662.XSHE,2020-01-07,
000982.XSHE,2020-01-07,
300448.XSHE,2020-01-07,
300739.XSHE,2020-01-07,
300036.XSHE,2020-01-07,
002097.XSHE,2020-01-07,
603637.XSHG,2020-01-07,
002880.XSHE,2020-01-07,
300565.XSHE,2020-01-07,
600549.XSHG,2020-01-07,
603429.XSHG,2020-01-07,
300334.XSHE,2020-01-07,
603336.XSHG,2020-01-07,
002299.XSHE,2020-01-07,
000559.XSHE,2020-01-07,
600996.XSHG,2020-01-07,
000056.XSHE,2020-01-07,
601198.XSHG,2020-01-07,
300477.XSHE,2020-01-07,
000158.XSHE,2020-01-07,
002561.XSHE,2020-01-07,
600011.XSHG,2020-01-07,
002182.XSHE,2020-01-07,
000932.XSHE,2020-01-07,
601225.XSHG,2020-01-07,
603887.XSHG,2020-01-07,
600380.XSHG,2020-01-07,
601101.XSHG,2020-01-07,
002221.XSHE,2020-01-07,
000878.XSHE,2020-01-07,
600309.XSHG,2020-01-07,
601069.XSHG,2020-01-07,
601127.XSHG,2020-01-07,
300604.XSHE,2020-01-07,
601997.XSHG,2020-01-07,
600986.XSHG,2020-01-07,
600061.XSHG,2020-01-07,
001896.XSHE,2020-01-07,
002087.XSHE,2020-01-07,
603658.XSHG,2020-01-07,
600158.XSHG,2020-01-07,
000861.XSHE,2020-01-07,
002823.XSHE,2020-01-07,
600754.XSHG,2020-01-07,
600651.XSHG,2020-01-07,
000868.XSHE,2020-01-07,
002272.XSHE,2020-01-07,
600038.XSHG,2020-01-07,
000655.XSHE,2020-01-07,
300507.XSHE,2020-01-07,
600763.XSHG,2020-01-07,
002055.XSHE,2020-01-07,
002265.XSHE,2020-01-07,
002277.XSHE,2020-01-07,
600068.XSHG,2020-01-07,
002731.XSHE,2020-01-07,
603937.XSHG,2020-01-07,
300340.XSHE,2020-01-07,
300526.XSHE,2020-01-07,
600421.XSHG,2020-01-07,
000981.XSHE,2020-01-07,
000858.XSHE,2020-01-07,
300222.XSHE,2020-01-07,
603331.XSHG,2020-01-07,
300549.XSHE,2020-01-07,
300352.XSHE,2020-01-07,
002270.XSHE,2020-01-07,
002399.XSHE,2020-01-07,
600280.XSHG,2020-01-07,
300171.XSHE,2020-01-07,
002621.XSHE,2020-01-07,
603109.XSHG,2020-01-07,
688028.XSHG,2020-01-07,
300616.XSHE,2020-01-07,
600387.XSHG,2020-01-07,
002013.XSHE,2020-01-07,
300410.XSHE,2020-01-07,
300137.XSHE,2020-01-07,
600187.XSHG,2020-01-07,
000019.XSHE,2020-01-07,
300617.XSHE,2020-01-07,
688081.XSHG,2020-01-07,
300511.XSHE,2020-01-07,
300146.XSHE,2020-01-07,
600999.XSHG,2020-01-07,
688098.XSHG,2020-01-07,
600756.XSHG,2020-01-07,
601900.XSHG,2020-01-07,
002451.XSHE,2020-01-07,
603203.XSHG,2020-01-07,
002572.XSHE,2020-01-07,
300168.XSHE,2020-01-07,
300205.XSHE,2020-01-07,
000818.XSHE,2020-01-07,
600017.XSHG,2020-01-07,
603066.XSHG,2020-01-07,
300763.XSHE,2020-01-07,
603229.XSHG,2020-01-07,
002520.XSHE,2020-01-07,
002829.XSHE,2020-01-07,
000810.XSHE,2020-01-07,
002620.XSHE,2020-01-07,
603810.XSHG,2020-01-07,
002125.XSHE,2020-01-07,
002110.XSHE,2020-01-07,
002240.XSHE,2020-01-07,
300271.XSHE,2020-01-07,
000631.XSHE,2020-01-07,
300093.XSHE,2020-01-07,
601600.XSHG,2020-01-07,
300385.XSHE,2020-01-07,
000532.XSHE,2020-01-07,
000568.XSHE,2020-01-07,
002068.XSHE,2020-01-07,
002370.XSHE,2020-01-07,
600179.XSHG,2020-01-07,
002199.XSHE,2020-01-07,
300792.XSHE,2020-01-07,
603385.XSHG,2020-01-07,
300560.XSHE,2020-01-07,
600503.XSHG,2020-01-07,
600054.XSHG,2020-01-07,
600077.XSHG,2020-01-07,
603002.XSHG,2020-01-07,
603819.XSHG,2020-01-07,
000617.XSHE,2020-01-07,
600030.XSHG,2020-01-07,
603239.XSHG,2020-01-07,
000090.XSHE,2020-01-07,
000625.XSHE,2020-01-07,
000670.XSHE,2020-01-07,
002820.XSHE,2020-01-07,
300598.XSHE,2020-01-07,
300107.XSHE,2020-01-07,
300615.XSHE,2020-01-07,
001872.XSHE,2020-01-07,
300613.XSHE,2020-01-07,
002716.XSHE,2020-01-07,
600051.XSHG,2020-01-07,
601798.XSHG,2020-01-07,
600821.XSHG,2020-01-07,
000816.XSHE,2020-01-07,
002274.XSHE,2020-01-07,
300317.XSHE,2020-01-07,
002267.XSHE,2020-01-07,
002713.XSHE,2020-01-07,
300350.XSHE,2020-01-07,
002839.XSHE,2020-01-07,
002929.XSHE,2020-01-07,
002587.XSHE,2020-01-07,
000762.XSHE,2020-01-07,
001696.XSHE,2020-01-07,
002439.XSHE,2020-01-07,
002750.XSHE,2020-01-07,
300580.XSHE,2020-01-07,
600838.XSHG,2020-01-07,
002916.XSHE,2020-01-07,
000776.XSHE,2020-01-07,
603197.XSHG,2020-01-07,
600892.XSHG,2020-01-07,
688002.XSHG,2020-01-07,
002732.XSHE,2020-01-07,
603032.XSHG,2020-01-07,
603018.XSHG,2020-01-07,
603668.XSHG,2020-01-07,
601028.XSHG,2020-01-07,
300023.XSHE,2020-01-07,
300339.XSHE,2020-01-07,
300015.XSHE,2020-01-07,
002276.XSHE,2020-01-07,
300095.XSHE,2020-01-07,
600751.XSHG,2020-01-07,
002449.XSHE,2020-01-07,
002685.XSHE,2020-01-07,
600688.XSHG,2020-01-07,
600291.XSHG,2020-01-07,
002895.XSHE,2020-01-07,
601068.XSHG,2020-01-07,
002509.XSHE,2020-01-07,
603021.XSHG,2020-01-07,
300506.XSHE,2020-01-07,
300569.XSHE,2020-01-07,
002747.XSHE,2020-01-07,
002661.XSHE,2020-01-07,
002706.XSHE,2020-01-07,
000807.XSHE,2020-01-07,
002302.XSHE,2020-01-07,
000657.XSHE,2020-01-07,
603757.XSHG,2020-01-07,
600315.XSHG,2020-01-07,
603605.XSHG,2020-01-07,
601666.XSHG,2020-01-07,
300263.XSHE,2020-01-07,
600987.XSHG,2020-01-07,
002800.XSHE,2020-01-07,
600760.XSHG,2020-01-07,
300655.XSHE,2020-01-07,
002830.XSHE,2020-01-07,
000728.XSHE,2020-01-07,
300627.XSHE,2020-01-07,
600151.XSHG,2020-01-07,
688088.XSHG,2020-01-07,
000863.XSHE,2020-01-07,
603678.XSHG,2020-01-07,
603669.XSHG,2020-01-07,
002889.XSHE,2020-01-07,
300472.XSHE,2020-01-07,
600697.XSHG,2020-01-07,
002247.XSHE,2020-01-07,
601088.XSHG,2020-01-07,
002790.XSHE,2020-01-07,
300165.XSHE,2020-01-07,
002645.XSHE,2020-01-07,
300750.XSHE,2020-01-07,
002233.XSHE,2020-01-07,
000609.XSHE,2020-01-07,
600984.XSHG,2020-01-07,
601200.XSHG,2020-01-07,
600657.XSHG,2020-01-07,
603377.XSHG,2020-01-07,
600545.XSHG,2020-01-07,
603506.XSHG,2020-01-07,
002365.XSHE,2020-01-07,
603606.XSHG,2020-01-07,
300032.XSHE,2020-01-07,
000650.XSHE,2020-01-07,
002026.XSHE,2020-01-07,
603518.XSHG,2020-01-07,
600323.XSHG,2020-01-07,
300228.XSHE,2020-01-07,
002121.XSHE,2020-01-07,
002283.XSHE,2020-01-07,
000889.XSHE,2020-01-07,
603903.XSHG,2020-01-07,
300806.XSHE,2020-01-07,
300022.XSHE,2020-01-07,
600265.XSHG,2020-01-07,
002853.XSHE,2020-01-07,
300476.XSHE,2020-01-07,
603013.XSHG,2020-01-07,
002649.XSHE,2020-01-07,
603232.XSHG,2020-01-07,
603305.XSHG,2020-01-07,
603906.XSHG,2020-01-07,
600050.XSHG,2020-01-07,
300772.XSHE,2020-01-07,
000993.XSHE,2020-01-07,
000920.XSHE,2020-01-07,
688358.XSHG,2020-01-07,
600333.XSHG,2020-01-07,
600448.XSHG,2020-01-07,
600666.XSHG,2020-01-07,
300377.XSHE,2020-01-07,
300551.XSHE,2020-01-07,
002258.XSHE,2020-01-07,
000900.XSHE,2020-01-07,
002601.XSHE,2020-01-07,
002118.XSHE,2020-01-07,
600218.XSHG,2020-01-07,
002122.XSHE,2020-01-07,
300175.XSHE,2020-01-07,
300735.XSHE,2020-01-07,
300150.XSHE,2020-01-07,
600716.XSHG,2020-01-07,
603779.XSHG,2020-01-07,
600546.XSHG,2020-01-07,
300373.XSHE,2020-01-07,
600668.XSHG,2020-01-07,
300635.XSHE,2020-01-07,
600757.XSHG,2020-01-07,
002220.XSHE,2020-01-07,
002413.XSHE,2020-01-07,
300664.XSHE,2020-01-07,
603069.XSHG,2020-01-07,
603233.XSHG,2020-01-07,
000560.XSHE,2020-01-07,
600843.XSHG,2020-01-07,
600330.XSHG,2020-01-07,
300245.XSHE,2020-01-07,
300197.XSHE,2020-01-07,
002610.XSHE,2020-01-07,
002479.XSHE,2020-01-07,
300153.XSHE,2020-01-07,
600143.XSHG,2020-01-07,
300391.XSHE,2020-01-07,
600561.XSHG,2020-01-07,
600396.XSHG,2020-01-07,
300159.XSHE,2020-01-07,
002019.XSHE,2020-01-07,
300052.XSHE,2020-01-07,
000830.XSHE,2020-01-07,
300497.XSHE,2020-01-07,
300801.XSHE,2020-01-07,
002545.XSHE,2020-01-07,
300732.XSHE,2020-01-07,
601989.XSHG,2020-01-07,
600862.XSHG,2020-01-07,
002410.XSHE,2020-01-07,
002875.XSHE,2020-01-07,
600572.XSHG,2020-01-07,
000333.XSHE,2020-01-07,
300597.XSHE,2020-01-07,
002268.XSHE,2020-01-07,
600598.XSHG,2020-01-07,
000606.XSHE,2020-01-07,
603040.XSHG,2020-01-07,
603220.XSHG,2020-01-07,
600455.XSHG,2020-01-07,
000752.XSHE,2020-01-07,
002584.XSHE,2020-01-07,
000968.XSHE,2020-01-07,
600573.XSHG,2020-01-07,
002865.XSHE,2020-01-07,
002547.XSHE,2020-01-07,
600796.XSHG,2020-01-07,
300368.XSHE,2020-01-07,
688138.XSHG,2020-01-07,
300280.XSHE,2020-01-07,
000949.XSHE,2020-01-07,
600590.XSHG,2020-01-07,
600059.XSHG,2020-01-07,
600328.XSHG,2020-01-07,
600479.XSHG,2020-01-07,
300001.XSHE,2020-01-07,
002007.XSHE,2020-01-07,
603058.XSHG,2020-01-07,
603258.XSHG,2020-01-07,
603396.XSHG,2020-01-07,
002517.XSHE,2020-01-07,
603657.XSHG,2020-01-07,
300010.XSHE,2020-01-07,
300455.XSHE,2020-01-07,
600188.XSHG,2020-01-07,
300221.XSHE,2020-01-07,
300444.XSHE,2020-01-07,
603928.XSHG,2020-01-07,
002869.XSHE,2020-01-07,
300414.XSHE,2020-01-07,
603916.XSHG,2020-01-07,
300291.XSHE,2020-01-07,
600318.XSHG,2020-01-07,
300003.XSHE,2020-01-07,
000961.XSHE,2020-01-07,
600815.XSHG,2020-01-07,
000592.XSHE,2020-01-07,
601010.XSHG,2020-01-07,
603978.XSHG,2020-01-07,
002671.XSHE,2020-01-07,
002555.XSHE,2020-01-07,
002092.XSHE,2020-01-07,
002114.XSHE,2020-01-07,
000971.XSHE,2020-01-07,
002383.XSHE,2020-01-07,
002498.XSHE,2020-01-07,
300041.XSHE,2020-01-07,
300301.XSHE,2020-01-07,
600366.XSHG,2020-01-07,
002813.XSHE,2020-01-07,
002935.XSHE,2020-01-07,
603726.XSHG,2020-01-07,
600698.XSHG,2020-01-07,
601869.XSHG,2020-01-07,
002553.XSHE,2020-01-07,
600203.XSHG,2020-01-07,
002600.XSHE,2020-01-07,
300328.XSHE,2020-01-07,
002085.XSHE,2020-01-07,
300697.XSHE,2020-01-07,
600851.XSHG,2020-01-07,
000937.XSHE,2020-01-07,
300014.XSHE,2020-01-07,
600378.XSHG,2020-01-07,
002540.XSHE,2020-01-07,
002803.XSHE,2020-01-07,
300668.XSHE,2020-01-07,
600676.XSHG,2020-01-07,
002279.XSHE,2020-01-07,
300478.XSHE,2020-01-07,
000767.XSHE,2020-01-07,
600660.XSHG,2020-01-07,
002440.XSHE,2020-01-07,
601377.XSHG,2020-01-07,
603009.XSHG,2020-01-07,
600721.XSHG,2020-01-07,
002154.XSHE,2020-01-07,
002129.XSHE,2020-01-07,
002385.XSHE,2020-01-07,
603217.XSHG,2020-01-07,
002101.XSHE,2020-01-07,
600353.XSHG,2020-01-07,
002327.XSHE,2020-01-07,
002516.XSHE,2020-01-07,
000069.XSHE,2020-01-07,
300241.XSHE,2020-01-07,
002909.XSHE,2020-01-07,
000815.XSHE,2020-01-07,
300212.XSHE,2020-01-07,
002925.XSHE,2020-01-07,
002549.XSHE,2020-01-07,
300101.XSHE,2020-01-07,
000899.XSHE,2020-01-07,
300225.XSHE,2020-01-07,
600624.XSHG,2020-01-07,
000001.XSHE,2020-01-07,
603100.XSHG,2020-01-07,
002355.XSHE,2020-01-07,
002960.XSHE,2020-01-07,
600633.XSHG,2020-01-07,
603297.XSHG,2020-01-07,
300183.XSHE,2020-01-07,
603915.XSHG,2020-01-07,
002822.XSHE,2020-01-07,
300237.XSHE,2020-01-07,
300251.XSHE,2020-01-07,
300783.XSHE,2020-01-07,
000078.XSHE,2020-01-07,
600871.XSHG,2020-01-07,
600325.XSHG,2020-01-07,
603689.XSHG,2020-01-07,
600677.XSHG,2020-01-07,
300039.XSHE,2020-01-07,
300599.XSHE,2020-01-07,
600273.XSHG,2020-01-07,
688078.XSHG,2020-01-07,
300586.XSHE,2020-01-07,
300564.XSHE,2020-01-07,
300341.XSHE,2020-01-07,
002147.XSHE,2020-01-07,
300192.XSHE,2020-01-07,
300358.XSHE,2020-01-07,
600875.XSHG,2020-01-07,
603602.XSHG,2020-01-07,
300079.XSHE,2020-01-07,
600683.XSHG,2020-01-07,
600262.XSHG,2020-01-07,
600463.XSHG,2020-01-07,
600765.XSHG,2020-01-07,
601901.XSHG,2020-01-07,
300691.XSHE,2020-01-07,
603629.XSHG,2020-01-07,
002259.XSHE,2020-01-07,
600885.XSHG,2020-01-07,
300500.XSHE,2020-01-07,
603995.XSHG,2020-01-07,
600766.XSHG,2020-01-07,
002305.XSHE,2020-01-07,
600363.XSHG,2020-01-07,
600082.XSHG,2020-01-07,
002735.XSHE,2020-01-07,
600167.XSHG,2020-01-07,
600995.XSHG,2020-01-07,
603093.XSHG,2020-01-07,
601003.XSHG,2020-01-07,
688012.XSHG,2020-01-07,
603398.XSHG,2020-01-07,
603001.XSHG,2020-01-07,
601366.XSHG,2020-01-07,
002490.XSHE,2020-01-07,
600789.XSHG,2020-01-07,
000931.XSHE,2020-01-07,
002088.XSHE,2020-01-07,
000613.XSHE,2020-01-07,
000652.XSHE,2020-01-07,
002162.XSHE,2020-01-07,
603681.XSHG,2020-01-07,
002480.XSHE,2020-01-07,
600783.XSHG,2020-01-07,
000408.XSHE,2020-01-07,
000099.XSHE,2020-01-07,
000563.XSHE,2020-01-07,
300781.XSHE,2020-01-07,
300172.XSHE,2020-01-07,
000802.XSHE,2020-01-07,
300092.XSHE,2020-01-07,
300672.XSHE,2020-01-07,
600702.XSHG,2020-01-07,
002554.XSHE,2020-01-07,
002428.XSHE,2020-01-07,
002203.XSHE,2020-01-07,
300748.XSHE,2020-01-07,
300292.XSHE,2020-01-07,
600097.XSHG,2020-01-07,
000685.XSHE,2020-01-07,
002149.XSHE,2020-01-07,
002724.XSHE,2020-01-07,
000691.XSHE,2020-01-07,
300622.XSHE,2020-01-07,
603527.XSHG,2020-01-07,
600221.XSHG,2020-01-07,
603351.XSHG,2020-01-07,
002046.XSHE,2020-01-07,
300090.XSHE,2020-01-07,
600035.XSHG,2020-01-07,
000629.XSHE,2020-01-07,
300395.XSHE,2020-01-07,
601952.XSHG,2020-01-07,
002728.XSHE,2020-01-07,
002362.XSHE,2020-01-07,
000411.XSHE,2020-01-07,
000552.XSHE,2020-01-07,
300504.XSHE,2020-01-07,
002740.XSHE,2020-01-07,
000050.XSHE,2020-01-07,
000063.XSHE,2020-01-07,
600764.XSHG,2020-01-07,
603589.XSHG,2020-01-07,
300217.XSHE,2020-01-07,
300064.XSHE,2020-01-07,
000656.XSHE,2020-01-07,
600193.XSHG,2020-01-07,
002159.XSHE,2020-01-07,
002605.XSHE,2020-01-07,
002920.XSHE,2020-01-07,
603019.XSHG,2020-01-07,
600605.XSHG,2020-01-07,
603628.XSHG,2020-01-07,
600156.XSHG,2020-01-07,
600880.XSHG,2020-01-07,
600620.XSHG,2020-01-07,
300603.XSHE,2020-01-07,
600965.XSHG,2020-01-07,
603901.XSHG,2020-01-07,
300779.XSHE,2020-01-07,
601106.XSHG,2020-01-07,
300362.XSHE,2020-01-07,
603717.XSHG,2020-01-07,
000948.XSHE,2020-01-07,
300162.XSHE,2020-01-07,
603390.XSHG,2020-01-07,
000958.XSHE,2020-01-07,
600067.XSHG,2020-01-07,
002395.XSHE,2020-01-07,
002484.XSHE,2020-01-07,
300443.XSHE,2020-01-07,
000659.XSHE,2020-01-07,
002729.XSHE,2020-01-07,
001914.XSHE,2020-01-07,
002775.XSHE,2020-01-07,
600858.XSHG,2020-01-07,
600711.XSHG,2020-01-07,
600301.XSHG,2020-01-07,
601001.XSHG,2020-01-07,
002958.XSHE,2020-01-07,
002700.XSHE,2020-01-07,
601969.XSHG,2020-01-07,
603416.XSHG,2020-01-07,
600712.XSHG,2020-01-07,
300460.XSHE,2020-01-07,
600246.XSHG,2020-01-07,
300285.XSHE,2020-01-07,
002614.XSHE,2020-01-07,
600232.XSHG,2020-01-07,
603156.XSHG,2020-01-07,
300667.XSHE,2020-01-07,
000712.XSHE,2020-01-07,
002141.XSHE,2020-01-07,
300144.XSHE,2020-01-07,
600621.XSHG,2020-01-07,
688139.XSHG,2020-01-07,
603797.XSHG,2020-01-07,
002350.XSHE,2020-01-07,
002225.XSHE,2020-01-07,
300519.XSHE,2020-01-07,
600375.XSHG,2020-01-07,
603877.XSHG,2020-01-07,
002969.XSHE,2020-01-07,
300723.XSHE,2020-01-07,
603959.XSHG,2020-01-07,
002292.XSHE,2020-01-07,
000060.XSHE,2020-01-07,
002228.XSHE,2020-01-07,
002375.XSHE,2020-01-07,
300191.XSHE,2020-01-07,
600295.XSHG,2020-01-07,
603185.XSHG,2020-01-07,
600026.XSHG,2020-01-07,
600310.XSHG,2020-01-07,
600750.XSHG,2020-01-07,
600122.XSHG,2020-01-07,
000009.XSHE,2020-01-07,
300124.XSHE,2020-01-07,
002687.XSHE,2020-01-07,
300160.XSHE,2020-01-07,
300606.XSHE,2020-01-07,
300796.XSHE,2020-01-07,
002391.XSHE,2020-01-07,
600661.XSHG,2020-01-07,
601021.XSHG,2020-01-07,
002040.XSHE,2020-01-07,
000825.XSHE,2020-01-07,
300250.XSHE,2020-01-07,
002344.XSHE,2020-01-07,
300021.XSHE,2020-01-07,
603992.XSHG,2020-01-07,
603983.XSHG,2020-01-07,
002102.XSHE,2020-01-07,
603126.XSHG,2020-01-07,
300214.XSHE,2020-01-07,
601006.XSHG,2020-01-07,
002442.XSHE,2020-01-07,
300029.XSHE,2020-01-07,
603315.XSHG,2020-01-07,
600939.XSHG,2020-01-07,
002244.XSHE,2020-01-07,
000701.XSHE,2020-01-07,
000011.XSHE,2020-01-07,
002673.XSHE,2020-01-07,
300624.XSHE,2020-01-07,
603639.XSHG,2020-01-07,
000035.XSHE,2020-01-07,
300067.XSHE,2020-01-07,
002761.XSHE,2020-01-07,
600654.XSHG,2020-01-07,
603196.XSHG,2020-01-07,
603683.XSHG,2020-01-07,
000413.XSHE,2020-01-07,
300209.XSHE,2020-01-07,
603966.XSHG,2020-01-07,
600311.XSHG,2020-01-07,
000777.XSHE,2020-01-07,
603355.XSHG,2020-01-07,
002896.XSHE,2020-01-07,
002965.XSHE,2020-01-07,
002691.XSHE,2020-01-07,
601800.XSHG,2020-01-07,
300420.XSHE,2020-01-07,
000983.XSHE,2020-01-07,
000558.XSHE,2020-01-07,
600706.XSHG,2020-01-07,
600714.XSHG,2020-01-07,
600381.XSHG,2020-01-07,
600096.XSHG,2020-01-07,
300555.XSHE,2020-01-07,
601890.XSHG,2020-01-07,
600877.XSHG,2020-01-07,
600078.XSHG,2020-01-07,
600612.XSHG,2020-01-07,
601100.XSHG,2020-01-07,
000796.XSHE,2020-01-07,
600713.XSHG,2020-01-07,
600829.XSHG,2020-01-07,
300331.XSHE,2020-01-07,
600343.XSHG,2020-01-07,
300463.XSHE,2020-01-07,
300494.XSHE,2020-01-07,
002206.XSHE,2020-01-07,
000547.XSHE,2020-01-07,
600300.XSHG,2020-01-07,
002650.XSHE,2020-01-07,
300279.XSHE,2020-01-07,
300470.XSHE,2020-01-07,
300693.XSHE,2020-01-07,
601918.XSHG,2020-01-07,
000416.XSHE,2020-01-07,
600563.XSHG,2020-01-07,
000903.XSHE,2020-01-07,
000726.XSHE,2020-01-07,
002349.XSHE,2020-01-07,
600234.XSHG,2020-01-07,
002254.XSHE,2020-01-07,
002468.XSHE,2020-01-07,
002323.XSHE,2020-01-07,
600869.XSHG,2020-01-07,
688033.XSHG,2020-01-07,
600616.XSHG,2020-01-07,
603859.XSHG,2020-01-07,
300123.XSHE,2020-01-07,
688258.XSHG,2020-01-07,
600283.XSHG,2020-01-07,
002532.XSHE,2020-01-07,
600792.XSHG,2020-01-07,
000661.XSHE,2020-01-07,
000671.XSHE,2020-01-07,
603855.XSHG,2020-01-07,
300132.XSHE,2020-01-07,
300452.XSHE,2020-01-07,
600890.XSHG,2020-01-07,
300532.XSHE,2020-01-07,
002736.XSHE,2020-01-07,
002107.XSHE,2020-01-07,
600652.XSHG,2020-01-07,
300140.XSHE,2020-01-07,
002885.XSHE,2020-01-07,
002194.XSHE,2020-01-07,
300206.XSHE,2020-01-07,
600132.XSHG,2020-01-07,
000514.XSHE,2020-01-07,
002315.XSHE,2020-01-07,
300602.XSHE,2020-01-07,
300802.XSHE,2020-01-07,
600020.XSHG,2020-01-07,
688037.XSHG,2020-01-07,
000409.XSHE,2020-01-07,
601016.XSHG,2020-01-07,
600458.XSHG,2020-01-07,
300807.XSHE,2020-01-07,
000020.XSHE,2020-01-07,
603722.XSHG,2020-01-07,
300088.XSHE,2020-01-07,
300272.XSHE,2020-01-07,
002923.XSHE,2020-01-07,
600989.XSHG,2020-01-07,
600337.XSHG,2020-01-07,
600560.XSHG,2020-01-07,
002792.XSHE,2020-01-07,
600970.XSHG,2020-01-07,
002134.XSHE,2020-01-07,
002860.XSHE,2020-01-07,
002968.XSHE,2020-01-07,
600597.XSHG,2020-01-07,
603303.XSHG,2020-01-07,
300321.XSHE,2020-01-07,
002433.XSHE,2020-01-07,
300451.XSHE,2020-01-07,
600452.XSHG,2020-01-07,
000722.XSHE,2020-01-07,
002742.XSHE,2020-01-07,
000501.XSHE,2020-01-07,
000875.XSHE,2020-01-07,
300522.XSHE,2020-01-07,
300300.XSHE,2020-01-07,
600398.XSHG,2020-01-07,
600570.XSHG,2020-01-07,
002612.XSHE,2020-01-07,
603165.XSHG,2020-01-07,
000838.XSHE,2020-01-07,
002345.XSHE,2020-01-07,
000698.XSHE,2020-01-07,
002825.XSHE,2020-01-07,
300012.XSHE,2020-01-07,
600516.XSHG,2020-01-07,
600696.XSHG,2020-01-07,
600701.XSHG,2020-01-07,
002636.XSHE,2020-01-07,
002589.XSHE,2020-01-07,
002464.XSHE,2020-01-07,
002676.XSHE,2020-01-07,
300770.XSHE,2020-01-07,
002457.XSHE,2020-01-07,
000400.XSHE,2020-01-07,
002535.XSHE,2020-01-07,
603053.XSHG,2020-01-07,
603306.XSHG,2020-01-07,
600025.XSHG,2020-01-07,
600439.XSHG,2020-01-07,
600532.XSHG,2020-01-07,
300108.XSHE,2020-01-07,
000564.XSHE,2020-01-07,
600235.XSHG,2020-01-07,
000410.XSHE,2020-01-07,
603730.XSHG,2020-01-07,
000898.XSHE,2020-01-07,
002970.XSHE,2020-01-07,
300006.XSHE,2020-01-07,
002771.XSHE,2020-01-07,
002478.XSHE,2020-01-07,
601107.XSHG,2020-01-07,
002786.XSHE,2020-01-07,
002723.XSHE,2020-01-07,
603059.XSHG,2020-01-07,
002403.XSHE,2020-01-07,
002036.XSHE,2020-01-07,
002041.XSHE,2020-01-07,
002184.XSHE,2020-01-07,
600027.XSHG,2020-01-07,
002641.XSHE,2020-01-07,
000758.XSHE,2020-01-07,
002569.XSHE,2020-01-07,
300479.XSHE,2020-01-07,
600391.XSHG,2020-01-07,
603599.XSHG,2020-01-07,
002166.XSHE,2020-01-07,
002526.XSHE,2020-01-07,
000886.XSHE,2020-01-07,
000975.XSHE,2020-01-07,
000027.XSHE,2020-01-07,
300400.XSHE,2020-01-07,
600480.XSHG,2020-01-07,
600988.XSHG,2020-01-07,
002172.XSHE,2020-01-07,
601518.XSHG,2020-01-07,
600787.XSHG,2020-01-07,
300657.XSHE,2020-01-07,
000539.XSHE,2020-01-07,
601658.XSHG,2020-01-07,
603379.XSHG,2020-01-07,
000785.XSHE,2020-01-07,
002566.XSHE,2020-01-07,
002582.XSHE,2020-01-07,
600073.XSHG,2020-01-07,
002646.XSHE,2020-01-07,
600780.XSHG,2020-01-07,
603090.XSHG,2020-01-07,
600299.XSHG,2020-01-07,
603179.XSHG,2020-01-07,
300390.XSHE,2020-01-07,
002659.XSHE,2020-01-07,
600645.XSHG,2020-01-07,
002168.XSHE,2020-01-07,
002674.XSHE,2020-01-07,
002280.XSHE,2020-01-07,
603680.XSHG,2020-01-07,
002025.XSHE,2020-01-07,
600891.XSHG,2020-01-07,
300543.XSHE,2020-01-07,
300703.XSHE,2020-01-07,
688025.XSHG,2020-01-07,
000755.XSHE,2020-01-07,
600778.XSHG,2020-01-07,
600340.XSHG,2020-01-07,
300589.XSHE,2020-01-07,
688118.XSHG,2020-01-07,
600493.XSHG,2020-01-07,
300054.XSHE,2020-01-07,
000546.XSHE,2020-01-07,
600850.XSHG,2020-01-07,
603187.XSHG,2020-01-07,
300659.XSHE,2020-01-07,
002622.XSHE,2020-01-07,
603115.XSHG,2020-01-07,
601138.XSHG,2020-01-07,
300554.XSHE,2020-01-07,
000892.XSHE,2020-01-07,
300062.XSHE,2020-01-07,
600120.XSHG,2020-01-07,
603489.XSHG,2020-01-07,
601339.XSHG,2020-01-07,
603078.XSHG,2020-01-07,
300265.XSHE,2020-01-07,
600708.XSHG,2020-01-07,
600990.XSHG,2020-01-07,
603530.XSHG,2020-01-07,
600825.XSHG,2020-01-07,
600731.XSHG,2020-01-07,
002099.XSHE,2020-01-07,
002188.XSHE,2020-01-07,
002845.XSHE,2020-01-07,
600521.XSHG,2020-01-07,
600285.XSHG,2020-01-07,
600967.XSHG,2020-01-07,
603886.XSHG,2020-01-07,
603337.XSHG,2020-01-07,
300689.XSHE,2020-01-07,
300582.XSHE,2020-01-07,
002138.XSHE,2020-01-07,
300427.XSHE,2020-01-07,
600798.XSHG,2020-01-07,
603733.XSHG,2020-01-07,
600058.XSHG,2020-01-07,
002751.XSHE,2020-01-07,
002658.XSHE,2020-01-07,
300461.XSHE,2020-01-07,
600517.XSHG,2020-01-07,
300751.XSHE,2020-01-07,
300688.XSHE,2020-01-07,
300550.XSHE,2020-01-07,
603533.XSHG,2020-01-07,
002173.XSHE,2020-01-07,
